<annotation>
	<folder>train</folder>
	<filename>IMG_8024_JPG.rf.4bf2e76fb7972a963db0ef10521a4831.jpg</filename>
	<path>D:\FinalProject\data\train\IMG_8024_JPG.rf.4bf2e76fb7972a963db0ef10521a4831.jpg</path>
	<source>
		<database>Unknown</database>
	</source>
	<size>
		<width>640</width>
		<height>640</height>
		<depth>3</depth>
	</size>
	<segmented>0</segmented>
	<object>
		<name>Book</name>
		<pose>Unspecified</pose>
		<truncated>0</truncated>
		<difficult>0</difficult>
		<bndbox>
			<xmin>74</xmin>
			<ymin>139</ymin>
			<xmax>510</xmax>
			<ymax>593</ymax>
		</bndbox>
	</object>
</annotation>
