<annotation>
	<folder>test</folder>
	<filename>IMG_7939_JPG.rf.14a6d6715f6e1db328ae31ca4260cecf.jpg</filename>
	<path>D:\FinalProject\data\test\IMG_7939_JPG.rf.14a6d6715f6e1db328ae31ca4260cecf.jpg</path>
	<source>
		<database>Unknown</database>
	</source>
	<size>
		<width>640</width>
		<height>640</height>
		<depth>3</depth>
	</size>
	<segmented>0</segmented>
	<object>
		<name>Card</name>
		<pose>Unspecified</pose>
		<truncated>0</truncated>
		<difficult>0</difficult>
		<bndbox>
			<xmin>208</xmin>
			<ymin>302</ymin>
			<xmax>574</xmax>
			<ymax>619</ymax>
		</bndbox>
	</object>
</annotation>
