<annotation>
	<folder>train</folder>
	<filename>IMG_7975_JPG.rf.f85f9f30ef837fb600359b572703afec.jpg</filename>
	<path>D:\FinalProject\data\train\IMG_7975_JPG.rf.f85f9f30ef837fb600359b572703afec.jpg</path>
	<source>
		<database>Unknown</database>
	</source>
	<size>
		<width>640</width>
		<height>640</height>
		<depth>3</depth>
	</size>
	<segmented>0</segmented>
	<object>
		<name>Card</name>
		<pose>Unspecified</pose>
		<truncated>0</truncated>
		<difficult>0</difficult>
		<bndbox>
			<xmin>72</xmin>
			<ymin>213</ymin>
			<xmax>372</xmax>
			<ymax>494</ymax>
		</bndbox>
	</object>
</annotation>
