<annotation>
	<folder></folder>
	<filename>IMG_8110_JPG.rf.9959cf5e741e18e3c932275789664927.jpg</filename>
	<path>IMG_8110_JPG.rf.9959cf5e741e18e3c932275789664927.jpg</path>
	<source>
		<database>roboflow.com</database>
	</source>
	<size>
		<width>640</width>
		<height>640</height>
		<depth>3</depth>
	</size>
	<segmented>0</segmented>
	<object>
		<name>Pen</name>
		<pose>Unspecified</pose>
		<truncated>0</truncated>
		<difficult>0</difficult>
		<occluded>0</occluded>
		<bndbox>
			<xmin>299</xmin>
			<xmax>370</xmax>
			<ymin>142</ymin>
			<ymax>544</ymax>
		</bndbox>
	</object>
</annotation>
