<annotation>
	<folder>train</folder>
	<filename>IMG_8023_JPG.rf.0c2cec60a7971823f4df71e99bc5ad66.jpg</filename>
	<path>D:\FinalProject\data\train\IMG_8023_JPG.rf.0c2cec60a7971823f4df71e99bc5ad66.jpg</path>
	<source>
		<database>Unknown</database>
	</source>
	<size>
		<width>640</width>
		<height>640</height>
		<depth>3</depth>
	</size>
	<segmented>0</segmented>
	<object>
		<name>Book</name>
		<pose>Unspecified</pose>
		<truncated>0</truncated>
		<difficult>0</difficult>
		<bndbox>
			<xmin>52</xmin>
			<ymin>88</ymin>
			<xmax>554</xmax>
			<ymax>567</ymax>
		</bndbox>
	</object>
</annotation>
