<annotation>
	<folder></folder>
	<filename>IMG_8120_JPG.rf.6829a79d2d854846e408c910fd4b42e6.jpg</filename>
	<path>IMG_8120_JPG.rf.6829a79d2d854846e408c910fd4b42e6.jpg</path>
	<source>
		<database>roboflow.com</database>
	</source>
	<size>
		<width>640</width>
		<height>640</height>
		<depth>3</depth>
	</size>
	<segmented>0</segmented>
	<object>
		<name>Pen</name>
		<pose>Unspecified</pose>
		<truncated>0</truncated>
		<difficult>0</difficult>
		<occluded>0</occluded>
		<bndbox>
			<xmin>234</xmin>
			<xmax>294</xmax>
			<ymin>100</ymin>
			<ymax>565</ymax>
		</bndbox>
	</object>
</annotation>
