<annotation>
	<folder>test</folder>
	<filename>IMG_7997_JPG.rf.7472aa52bbf1237eb89c8cb058406582.jpg</filename>
	<path>D:\FinalProject\data\test\IMG_7997_JPG.rf.7472aa52bbf1237eb89c8cb058406582.jpg</path>
	<source>
		<database>Unknown</database>
	</source>
	<size>
		<width>640</width>
		<height>640</height>
		<depth>3</depth>
	</size>
	<segmented>0</segmented>
	<object>
		<name>Card</name>
		<pose>Unspecified</pose>
		<truncated>0</truncated>
		<difficult>0</difficult>
		<bndbox>
			<xmin>166</xmin>
			<ymin>161</ymin>
			<xmax>542</xmax>
			<ymax>481</ymax>
		</bndbox>
	</object>
</annotation>
