<annotation>
	<folder>valid</folder>
	<filename>IMG_8048_JPG.rf.e4434f25ecfabc6a8df64cbd45d3b16a.jpg</filename>
	<path>D:\FinalProject\data\valid\IMG_8048_JPG.rf.e4434f25ecfabc6a8df64cbd45d3b16a.jpg</path>
	<source>
		<database>Unknown</database>
	</source>
	<size>
		<width>640</width>
		<height>640</height>
		<depth>3</depth>
	</size>
	<segmented>0</segmented>
	<object>
		<name>Book</name>
		<pose>Unspecified</pose>
		<truncated>1</truncated>
		<difficult>0</difficult>
		<bndbox>
			<xmin>10</xmin>
			<ymin>1</ymin>
			<xmax>626</xmax>
			<ymax>595</ymax>
		</bndbox>
	</object>
</annotation>
