<annotation>
	<folder></folder>
	<filename>IMG_8195_JPG.rf.8521b54d14d1c85e6bbde68176ad5432.jpg</filename>
	<path>IMG_8195_JPG.rf.8521b54d14d1c85e6bbde68176ad5432.jpg</path>
	<source>
		<database>roboflow.com</database>
	</source>
	<size>
		<width>640</width>
		<height>640</height>
		<depth>3</depth>
	</size>
	<segmented>0</segmented>
	<object>
		<name>Book</name>
		<pose>Unspecified</pose>
		<truncated>0</truncated>
		<difficult>0</difficult>
		<occluded>0</occluded>
		<bndbox>
			<xmin>51</xmin>
			<xmax>446</xmax>
			<ymin>156</ymin>
			<ymax>541</ymax>
		</bndbox>
	</object>
</annotation>
