<annotation>
	<folder></folder>
	<filename>IMG_8236_JPG.rf.fb5836c2c974533b89ba74086e5dd5cd.jpg</filename>
	<path>IMG_8236_JPG.rf.fb5836c2c974533b89ba74086e5dd5cd.jpg</path>
	<source>
		<database>roboflow.com</database>
	</source>
	<size>
		<width>640</width>
		<height>640</height>
		<depth>3</depth>
	</size>
	<segmented>0</segmented>
	<object>
		<name>Book</name>
		<pose>Unspecified</pose>
		<truncated>0</truncated>
		<difficult>0</difficult>
		<occluded>0</occluded>
		<bndbox>
			<xmin>58</xmin>
			<xmax>550</xmax>
			<ymin>275</ymin>
			<ymax>588</ymax>
		</bndbox>
	</object>
</annotation>
