<annotation>
	<folder>test</folder>
	<filename>IMG_8027_JPG.rf.409f86def44f484e9e90c6d6a6150f30.jpg</filename>
	<path>D:\FinalProject\data\test\IMG_8027_JPG.rf.409f86def44f484e9e90c6d6a6150f30.jpg</path>
	<source>
		<database>Unknown</database>
	</source>
	<size>
		<width>640</width>
		<height>640</height>
		<depth>3</depth>
	</size>
	<segmented>0</segmented>
	<object>
		<name>Book</name>
		<pose>Unspecified</pose>
		<truncated>0</truncated>
		<difficult>0</difficult>
		<bndbox>
			<xmin>6</xmin>
			<ymin>64</ymin>
			<xmax>584</xmax>
			<ymax>451</ymax>
		</bndbox>
	</object>
</annotation>
