<annotation>
	<folder></folder>
	<filename>IMG_8089_JPG.rf.632ee741ddd8e0d7fc42d2cfbfb5d254.jpg</filename>
	<path>IMG_8089_JPG.rf.632ee741ddd8e0d7fc42d2cfbfb5d254.jpg</path>
	<source>
		<database>roboflow.com</database>
	</source>
	<size>
		<width>640</width>
		<height>640</height>
		<depth>3</depth>
	</size>
	<segmented>0</segmented>
	<object>
		<name>Pen</name>
		<pose>Unspecified</pose>
		<truncated>0</truncated>
		<difficult>0</difficult>
		<occluded>0</occluded>
		<bndbox>
			<xmin>169</xmin>
			<xmax>471</xmax>
			<ymin>185</ymin>
			<ymax>531</ymax>
		</bndbox>
	</object>
</annotation>
