<annotation>
	<folder>train</folder>
	<filename>IMG_8017_JPG.rf.0924f3b83a4b8243499ed6c13601f37f.jpg</filename>
	<path>D:\FinalProject\data\train\IMG_8017_JPG.rf.0924f3b83a4b8243499ed6c13601f37f.jpg</path>
	<source>
		<database>Unknown</database>
	</source>
	<size>
		<width>640</width>
		<height>640</height>
		<depth>3</depth>
	</size>
	<segmented>0</segmented>
	<object>
		<name>Book</name>
		<pose>Unspecified</pose>
		<truncated>0</truncated>
		<difficult>0</difficult>
		<bndbox>
			<xmin>108</xmin>
			<ymin>75</ymin>
			<xmax>566</xmax>
			<ymax>584</ymax>
		</bndbox>
	</object>
</annotation>
