<annotation>
	<folder>test</folder>
	<filename>IMG_7995_JPG.rf.904eb3979e198dac95d4c521bcb07b5e.jpg</filename>
	<path>D:\FinalProject\data\test\IMG_7995_JPG.rf.904eb3979e198dac95d4c521bcb07b5e.jpg</path>
	<source>
		<database>Unknown</database>
	</source>
	<size>
		<width>640</width>
		<height>640</height>
		<depth>3</depth>
	</size>
	<segmented>0</segmented>
	<object>
		<name>Card</name>
		<pose>Unspecified</pose>
		<truncated>0</truncated>
		<difficult>0</difficult>
		<bndbox>
			<xmin>234</xmin>
			<ymin>321</ymin>
			<xmax>507</xmax>
			<ymax>515</ymax>
		</bndbox>
	</object>
</annotation>
