<annotation>
	<folder>train</folder>
	<filename>IMG_7926_JPG.rf.6a016a8e4fa8293266b802c5c1355e76.jpg</filename>
	<path>D:\FinalProject\data\train\IMG_7926_JPG.rf.6a016a8e4fa8293266b802c5c1355e76.jpg</path>
	<source>
		<database>Unknown</database>
	</source>
	<size>
		<width>640</width>
		<height>640</height>
		<depth>3</depth>
	</size>
	<segmented>0</segmented>
	<object>
		<name>Card</name>
		<pose>Unspecified</pose>
		<truncated>0</truncated>
		<difficult>0</difficult>
		<bndbox>
			<xmin>188</xmin>
			<ymin>305</ymin>
			<xmax>492</xmax>
			<ymax>484</ymax>
		</bndbox>
	</object>
</annotation>
