<annotation>
	<folder></folder>
	<filename>IMG_8088_JPG.rf.b53f1f4b9ea7b90afa05bcd42f65f557.jpg</filename>
	<path>IMG_8088_JPG.rf.b53f1f4b9ea7b90afa05bcd42f65f557.jpg</path>
	<source>
		<database>roboflow.com</database>
	</source>
	<size>
		<width>640</width>
		<height>640</height>
		<depth>3</depth>
	</size>
	<segmented>0</segmented>
	<object>
		<name>Book</name>
		<pose>Unspecified</pose>
		<truncated>0</truncated>
		<difficult>0</difficult>
		<occluded>0</occluded>
		<bndbox>
			<xmin>117</xmin>
			<xmax>641</xmax>
			<ymin>189</ymin>
			<ymax>630</ymax>
		</bndbox>
	</object>
	<object>
		<name>Card</name>
		<pose>Unspecified</pose>
		<truncated>0</truncated>
		<difficult>0</difficult>
		<occluded>0</occluded>
		<bndbox>
			<xmin>76</xmin>
			<xmax>258</xmax>
			<ymin>144</ymin>
			<ymax>292</ymax>
		</bndbox>
	</object>
</annotation>
