<annotation>
	<folder></folder>
	<filename>IMG_8157_JPG.rf.b507ef6f0a416e7a9d75531c7df64c8a.jpg</filename>
	<path>IMG_8157_JPG.rf.b507ef6f0a416e7a9d75531c7df64c8a.jpg</path>
	<source>
		<database>roboflow.com</database>
	</source>
	<size>
		<width>640</width>
		<height>640</height>
		<depth>3</depth>
	</size>
	<segmented>0</segmented>
	<object>
		<name>Book</name>
		<pose>Unspecified</pose>
		<truncated>0</truncated>
		<difficult>0</difficult>
		<occluded>0</occluded>
		<bndbox>
			<xmin>89</xmin>
			<xmax>490</xmax>
			<ymin>115</ymin>
			<ymax>535</ymax>
		</bndbox>
	</object>
	<object>
		<name>Pen</name>
		<pose>Unspecified</pose>
		<truncated>0</truncated>
		<difficult>0</difficult>
		<occluded>0</occluded>
		<bndbox>
			<xmin>176</xmin>
			<xmax>397</xmax>
			<ymin>165</ymin>
			<ymax>454</ymax>
		</bndbox>
	</object>
</annotation>
