<annotation>
	<folder>train</folder>
	<filename>IMG_7987_JPG.rf.f6a982c2b6c434d9ccefbcda125521d5.jpg</filename>
	<path>D:\FinalProject\data\train\IMG_7987_JPG.rf.f6a982c2b6c434d9ccefbcda125521d5.jpg</path>
	<source>
		<database>Unknown</database>
	</source>
	<size>
		<width>640</width>
		<height>640</height>
		<depth>3</depth>
	</size>
	<segmented>0</segmented>
	<object>
		<name>Card</name>
		<pose>Unspecified</pose>
		<truncated>0</truncated>
		<difficult>0</difficult>
		<bndbox>
			<xmin>292</xmin>
			<ymin>383</ymin>
			<xmax>486</xmax>
			<ymax>490</ymax>
		</bndbox>
	</object>
</annotation>
