<annotation>
	<folder></folder>
	<filename>IMG_8156_JPG.rf.b2b2b51c55547375fdd78d92ea1ed61d.jpg</filename>
	<path>IMG_8156_JPG.rf.b2b2b51c55547375fdd78d92ea1ed61d.jpg</path>
	<source>
		<database>roboflow.com</database>
	</source>
	<size>
		<width>640</width>
		<height>640</height>
		<depth>3</depth>
	</size>
	<segmented>0</segmented>
	<object>
		<name>Book</name>
		<pose>Unspecified</pose>
		<truncated>0</truncated>
		<difficult>0</difficult>
		<occluded>0</occluded>
		<bndbox>
			<xmin>197</xmin>
			<xmax>557</xmax>
			<ymin>224</ymin>
			<ymax>600</ymax>
		</bndbox>
	</object>
	<object>
		<name>Pen</name>
		<pose>Unspecified</pose>
		<truncated>0</truncated>
		<difficult>0</difficult>
		<occluded>0</occluded>
		<bndbox>
			<xmin>48</xmin>
			<xmax>84</xmax>
			<ymin>268</ymin>
			<ymax>547</ymax>
		</bndbox>
	</object>
</annotation>
