<annotation>
	<folder>train</folder>
	<filename>IMG_7911_JPG.rf.0be16bfb8462a0a76e78a2302a397e53.jpg</filename>
	<path>D:\FinalProject\data\train\IMG_7911_JPG.rf.0be16bfb8462a0a76e78a2302a397e53.jpg</path>
	<source>
		<database>Unknown</database>
	</source>
	<size>
		<width>640</width>
		<height>640</height>
		<depth>3</depth>
	</size>
	<segmented>0</segmented>
	<object>
		<name>Card</name>
		<pose>Unspecified</pose>
		<truncated>0</truncated>
		<difficult>0</difficult>
		<bndbox>
			<xmin>206</xmin>
			<ymin>198</ymin>
			<xmax>552</xmax>
			<ymax>543</ymax>
		</bndbox>
	</object>
</annotation>
