<annotation>
	<folder>train</folder>
	<filename>IMG_7982_JPG.rf.1d3bc2750218965c3d50dea648fceefa.jpg</filename>
	<path>D:\FinalProject\data\train\IMG_7982_JPG.rf.1d3bc2750218965c3d50dea648fceefa.jpg</path>
	<source>
		<database>Unknown</database>
	</source>
	<size>
		<width>640</width>
		<height>640</height>
		<depth>3</depth>
	</size>
	<segmented>0</segmented>
	<object>
		<name>Card</name>
		<pose>Unspecified</pose>
		<truncated>0</truncated>
		<difficult>0</difficult>
		<bndbox>
			<xmin>127</xmin>
			<ymin>137</ymin>
			<xmax>418</xmax>
			<ymax>399</ymax>
		</bndbox>
	</object>
</annotation>
