<annotation>
	<folder></folder>
	<filename>IMG_8227_JPG.rf.2f6ae4f391cd544f6d393456dfdb9bfb.jpg</filename>
	<path>IMG_8227_JPG.rf.2f6ae4f391cd544f6d393456dfdb9bfb.jpg</path>
	<source>
		<database>roboflow.com</database>
	</source>
	<size>
		<width>640</width>
		<height>640</height>
		<depth>3</depth>
	</size>
	<segmented>0</segmented>
	<object>
		<name>Book</name>
		<pose>Unspecified</pose>
		<truncated>0</truncated>
		<difficult>0</difficult>
		<occluded>0</occluded>
		<bndbox>
			<xmin>122</xmin>
			<xmax>468</xmax>
			<ymin>148</ymin>
			<ymax>483</ymax>
		</bndbox>
	</object>
</annotation>
