<annotation>
	<folder>valid</folder>
	<filename>IMG_8043_JPG.rf.27fded4eceff89cd1bfa722bf643f5e9.jpg</filename>
	<path>D:\FinalProject\data\valid\IMG_8043_JPG.rf.27fded4eceff89cd1bfa722bf643f5e9.jpg</path>
	<source>
		<database>Unknown</database>
	</source>
	<size>
		<width>640</width>
		<height>640</height>
		<depth>3</depth>
	</size>
	<segmented>0</segmented>
	<object>
		<name>Book</name>
		<pose>Unspecified</pose>
		<truncated>1</truncated>
		<difficult>0</difficult>
		<bndbox>
			<xmin>3</xmin>
			<ymin>195</ymin>
			<xmax>640</xmax>
			<ymax>519</ymax>
		</bndbox>
	</object>
</annotation>
