<annotation>
	<folder>train</folder>
	<filename>IMG_7984_JPG.rf.1a13bdccc0f40fc4a34663b70c45ab2e.jpg</filename>
	<path>D:\FinalProject\data\train\IMG_7984_JPG.rf.1a13bdccc0f40fc4a34663b70c45ab2e.jpg</path>
	<source>
		<database>Unknown</database>
	</source>
	<size>
		<width>640</width>
		<height>640</height>
		<depth>3</depth>
	</size>
	<segmented>0</segmented>
	<object>
		<name>Card</name>
		<pose>Unspecified</pose>
		<truncated>0</truncated>
		<difficult>0</difficult>
		<bndbox>
			<xmin>124</xmin>
			<ymin>196</ymin>
			<xmax>499</xmax>
			<ymax>554</ymax>
		</bndbox>
	</object>
</annotation>
