<annotation>
	<folder></folder>
	<filename>IMG_8153_JPG.rf.1ab92390b0f775cd6bcd587e2aa10206.jpg</filename>
	<path>IMG_8153_JPG.rf.1ab92390b0f775cd6bcd587e2aa10206.jpg</path>
	<source>
		<database>roboflow.com</database>
	</source>
	<size>
		<width>640</width>
		<height>640</height>
		<depth>3</depth>
	</size>
	<segmented>0</segmented>
	<object>
		<name>Pen</name>
		<pose>Unspecified</pose>
		<truncated>0</truncated>
		<difficult>0</difficult>
		<occluded>0</occluded>
		<bndbox>
			<xmin>225</xmin>
			<xmax>454</xmax>
			<ymin>331</ymin>
			<ymax>498</ymax>
		</bndbox>
	</object>
</annotation>
