<annotation>
	<folder></folder>
	<filename>IMG_8201_JPG.rf.4b7f827295f30ede3f88510eb48256ef.jpg</filename>
	<path>IMG_8201_JPG.rf.4b7f827295f30ede3f88510eb48256ef.jpg</path>
	<source>
		<database>roboflow.com</database>
	</source>
	<size>
		<width>640</width>
		<height>640</height>
		<depth>3</depth>
	</size>
	<segmented>0</segmented>
	<object>
		<name>Book</name>
		<pose>Unspecified</pose>
		<truncated>0</truncated>
		<difficult>0</difficult>
		<occluded>0</occluded>
		<bndbox>
			<xmin>72</xmin>
			<xmax>528</xmax>
			<ymin>158</ymin>
			<ymax>591</ymax>
		</bndbox>
	</object>
</annotation>
