<annotation>
	<folder>train</folder>
	<filename>IMG_8032_JPG.rf.a5c36abd936533bed49ee15307d078a7.jpg</filename>
	<path>D:\FinalProject\data\train\IMG_8032_JPG.rf.a5c36abd936533bed49ee15307d078a7.jpg</path>
	<source>
		<database>Unknown</database>
	</source>
	<size>
		<width>640</width>
		<height>640</height>
		<depth>3</depth>
	</size>
	<segmented>0</segmented>
	<object>
		<name>Book</name>
		<pose>Unspecified</pose>
		<truncated>0</truncated>
		<difficult>0</difficult>
		<bndbox>
			<xmin>91</xmin>
			<ymin>83</ymin>
			<xmax>586</xmax>
			<ymax>617</ymax>
		</bndbox>
	</object>
</annotation>
