<annotation>
	<folder></folder>
	<filename>IMG_8174_JPG.rf.2e2efa4537fb0d6dc6230709251e85ca.jpg</filename>
	<path>IMG_8174_JPG.rf.2e2efa4537fb0d6dc6230709251e85ca.jpg</path>
	<source>
		<database>roboflow.com</database>
	</source>
	<size>
		<width>640</width>
		<height>640</height>
		<depth>3</depth>
	</size>
	<segmented>0</segmented>
	<object>
		<name>Book</name>
		<pose>Unspecified</pose>
		<truncated>0</truncated>
		<difficult>0</difficult>
		<occluded>0</occluded>
		<bndbox>
			<xmin>215</xmin>
			<xmax>282</xmax>
			<ymin>89</ymin>
			<ymax>551</ymax>
		</bndbox>
	</object>
	<object>
		<name>Pen</name>
		<pose>Unspecified</pose>
		<truncated>0</truncated>
		<difficult>0</difficult>
		<occluded>0</occluded>
		<bndbox>
			<xmin>129</xmin>
			<xmax>330</xmax>
			<ymin>562</ymin>
			<ymax>616</ymax>
		</bndbox>
	</object>
	<object>
		<name>Pen</name>
		<pose>Unspecified</pose>
		<truncated>0</truncated>
		<difficult>0</difficult>
		<occluded>0</occluded>
		<bndbox>
			<xmin>181</xmin>
			<xmax>327</xmax>
			<ymin>610</ymin>
			<ymax>641</ymax>
		</bndbox>
	</object>
</annotation>
