<annotation>
	<folder>train</folder>
	<filename>IMG_8066_JPG.rf.c1c3a7acf8365b395c944dbc355cc0f5.jpg</filename>
	<path>D:\FinalProject\data\train\IMG_8066_JPG.rf.c1c3a7acf8365b395c944dbc355cc0f5.jpg</path>
	<source>
		<database>Unknown</database>
	</source>
	<size>
		<width>640</width>
		<height>640</height>
		<depth>3</depth>
	</size>
	<segmented>0</segmented>
	<object>
		<name>Book</name>
		<pose>Unspecified</pose>
		<truncated>1</truncated>
		<difficult>0</difficult>
		<bndbox>
			<xmin>1</xmin>
			<ymin>246</ymin>
			<xmax>640</xmax>
			<ymax>555</ymax>
		</bndbox>
	</object>
</annotation>
