<annotation>
	<folder></folder>
	<filename>IMG_8147_JPG.rf.db452a1fb1fa72576bbb46891c01bf58.jpg</filename>
	<path>IMG_8147_JPG.rf.db452a1fb1fa72576bbb46891c01bf58.jpg</path>
	<source>
		<database>roboflow.com</database>
	</source>
	<size>
		<width>640</width>
		<height>640</height>
		<depth>3</depth>
	</size>
	<segmented>0</segmented>
	<object>
		<name>Pen</name>
		<pose>Unspecified</pose>
		<truncated>0</truncated>
		<difficult>0</difficult>
		<occluded>0</occluded>
		<bndbox>
			<xmin>97</xmin>
			<xmax>419</xmax>
			<ymin>285</ymin>
			<ymax>559</ymax>
		</bndbox>
	</object>
</annotation>
