<annotation>
	<folder></folder>
	<filename>IMG_8146_JPG.rf.8049acd406388cb650d1550d3eabf31e.jpg</filename>
	<path>IMG_8146_JPG.rf.8049acd406388cb650d1550d3eabf31e.jpg</path>
	<source>
		<database>roboflow.com</database>
	</source>
	<size>
		<width>640</width>
		<height>640</height>
		<depth>3</depth>
	</size>
	<segmented>0</segmented>
	<object>
		<name>Pen</name>
		<pose>Unspecified</pose>
		<truncated>0</truncated>
		<difficult>0</difficult>
		<occluded>0</occluded>
		<bndbox>
			<xmin>244</xmin>
			<xmax>487</xmax>
			<ymin>318</ymin>
			<ymax>586</ymax>
		</bndbox>
	</object>
</annotation>
