<annotation>
	<folder>valid</folder>
	<filename>IMG_7944_JPG.rf.e551ab81996134ea2a0b22e22ec779de.jpg</filename>
	<path>D:\FinalProject\data\valid\IMG_7944_JPG.rf.e551ab81996134ea2a0b22e22ec779de.jpg</path>
	<source>
		<database>Unknown</database>
	</source>
	<size>
		<width>640</width>
		<height>640</height>
		<depth>3</depth>
	</size>
	<segmented>0</segmented>
	<object>
		<name>Card</name>
		<pose>Unspecified</pose>
		<truncated>0</truncated>
		<difficult>0</difficult>
		<bndbox>
			<xmin>240</xmin>
			<ymin>161</ymin>
			<xmax>493</xmax>
			<ymax>424</ymax>
		</bndbox>
	</object>
</annotation>
