<annotation>
	<folder></folder>
	<filename>IMG_8096_JPG.rf.1bca5e1b40249fc03a5aa49a6bb280dd.jpg</filename>
	<path>IMG_8096_JPG.rf.1bca5e1b40249fc03a5aa49a6bb280dd.jpg</path>
	<source>
		<database>roboflow.com</database>
	</source>
	<size>
		<width>640</width>
		<height>640</height>
		<depth>3</depth>
	</size>
	<segmented>0</segmented>
	<object>
		<name>Pen</name>
		<pose>Unspecified</pose>
		<truncated>0</truncated>
		<difficult>0</difficult>
		<occluded>0</occluded>
		<bndbox>
			<xmin>142</xmin>
			<xmax>484</xmax>
			<ymin>242</ymin>
			<ymax>383</ymax>
		</bndbox>
	</object>
</annotation>
