<annotation>
	<folder>train</folder>
	<filename>IMG_8055_JPG.rf.27356178f93a9521c2b36f6f818a399c.jpg</filename>
	<path>D:\FinalProject\data\train\IMG_8055_JPG.rf.27356178f93a9521c2b36f6f818a399c.jpg</path>
	<source>
		<database>Unknown</database>
	</source>
	<size>
		<width>640</width>
		<height>640</height>
		<depth>3</depth>
	</size>
	<segmented>0</segmented>
	<object>
		<name>Book</name>
		<pose>Unspecified</pose>
		<truncated>0</truncated>
		<difficult>0</difficult>
		<bndbox>
			<xmin>34</xmin>
			<ymin>27</ymin>
			<xmax>616</xmax>
			<ymax>635</ymax>
		</bndbox>
	</object>
</annotation>
