<annotation>
	<folder></folder>
	<filename>IMG_8101_JPG.rf.7af12689569638664a0dc25990bdedcd.jpg</filename>
	<path>IMG_8101_JPG.rf.7af12689569638664a0dc25990bdedcd.jpg</path>
	<source>
		<database>roboflow.com</database>
	</source>
	<size>
		<width>640</width>
		<height>640</height>
		<depth>3</depth>
	</size>
	<segmented>0</segmented>
	<object>
		<name>Pen</name>
		<pose>Unspecified</pose>
		<truncated>0</truncated>
		<difficult>0</difficult>
		<occluded>0</occluded>
		<bndbox>
			<xmin>300</xmin>
			<xmax>352</xmax>
			<ymin>129</ymin>
			<ymax>547</ymax>
		</bndbox>
	</object>
</annotation>
