<annotation>
	<folder>train</folder>
	<filename>IMG_8051_JPG.rf.7e4347644d99a5e313440e461bf5a0c8.jpg</filename>
	<path>D:\FinalProject\data\train\IMG_8051_JPG.rf.7e4347644d99a5e313440e461bf5a0c8.jpg</path>
	<source>
		<database>Unknown</database>
	</source>
	<size>
		<width>640</width>
		<height>640</height>
		<depth>3</depth>
	</size>
	<segmented>0</segmented>
	<object>
		<name>Book</name>
		<pose>Unspecified</pose>
		<truncated>1</truncated>
		<difficult>0</difficult>
		<bndbox>
			<xmin>1</xmin>
			<ymin>5</ymin>
			<xmax>632</xmax>
			<ymax>629</ymax>
		</bndbox>
	</object>
</annotation>
