<annotation>
	<folder></folder>
	<filename>IMG_8192_JPG.rf.7032de11bb19d8a85a3fa424c9a0a926.jpg</filename>
	<path>IMG_8192_JPG.rf.7032de11bb19d8a85a3fa424c9a0a926.jpg</path>
	<source>
		<database>roboflow.com</database>
	</source>
	<size>
		<width>640</width>
		<height>640</height>
		<depth>3</depth>
	</size>
	<segmented>0</segmented>
	<object>
		<name>Book</name>
		<pose>Unspecified</pose>
		<truncated>0</truncated>
		<difficult>0</difficult>
		<occluded>0</occluded>
		<bndbox>
			<xmin>53</xmin>
			<xmax>525</xmax>
			<ymin>155</ymin>
			<ymax>614</ymax>
		</bndbox>
	</object>
</annotation>
