<annotation>
	<folder>train</folder>
	<filename>IMG_7920_JPG.rf.619f5149a147909cd252883c8690175a.jpg</filename>
	<path>D:\FinalProject\data\train\IMG_7920_JPG.rf.619f5149a147909cd252883c8690175a.jpg</path>
	<source>
		<database>Unknown</database>
	</source>
	<size>
		<width>640</width>
		<height>640</height>
		<depth>3</depth>
	</size>
	<segmented>0</segmented>
	<object>
		<name>Card</name>
		<pose>Unspecified</pose>
		<truncated>0</truncated>
		<difficult>0</difficult>
		<bndbox>
			<xmin>136</xmin>
			<ymin>304</ymin>
			<xmax>369</xmax>
			<ymax>553</ymax>
		</bndbox>
	</object>
</annotation>
