<annotation>
	<folder></folder>
	<filename>IMG_8221_JPG.rf.f62825a452fe2fb32e7bb08c135ceccc.jpg</filename>
	<path>IMG_8221_JPG.rf.f62825a452fe2fb32e7bb08c135ceccc.jpg</path>
	<source>
		<database>roboflow.com</database>
	</source>
	<size>
		<width>640</width>
		<height>640</height>
		<depth>3</depth>
	</size>
	<segmented>0</segmented>
	<object>
		<name>Book</name>
		<pose>Unspecified</pose>
		<truncated>0</truncated>
		<difficult>0</difficult>
		<occluded>0</occluded>
		<bndbox>
			<xmin>50</xmin>
			<xmax>640</xmax>
			<ymin>93</ymin>
			<ymax>551</ymax>
		</bndbox>
	</object>
</annotation>
