<annotation>
	<folder>train</folder>
	<filename>IMG_7973_JPG.rf.34e4083fbac44b35830e44e256662a2b.jpg</filename>
	<path>D:\FinalProject\data\train\IMG_7973_JPG.rf.34e4083fbac44b35830e44e256662a2b.jpg</path>
	<source>
		<database>Unknown</database>
	</source>
	<size>
		<width>640</width>
		<height>640</height>
		<depth>3</depth>
	</size>
	<segmented>0</segmented>
	<object>
		<name>Card</name>
		<pose>Unspecified</pose>
		<truncated>0</truncated>
		<difficult>0</difficult>
		<bndbox>
			<xmin>115</xmin>
			<ymin>303</ymin>
			<xmax>360</xmax>
			<ymax>563</ymax>
		</bndbox>
	</object>
</annotation>
