<annotation>
	<folder>test</folder>
	<filename>IMG_8025_JPG.rf.961e62c03685a3cec53713a86f8557eb.jpg</filename>
	<path>D:\FinalProject\data\test\IMG_8025_JPG.rf.961e62c03685a3cec53713a86f8557eb.jpg</path>
	<source>
		<database>Unknown</database>
	</source>
	<size>
		<width>640</width>
		<height>640</height>
		<depth>3</depth>
	</size>
	<segmented>0</segmented>
	<object>
		<name>Book</name>
		<pose>Unspecified</pose>
		<truncated>0</truncated>
		<difficult>0</difficult>
		<bndbox>
			<xmin>37</xmin>
			<ymin>153</ymin>
			<xmax>482</xmax>
			<ymax>601</ymax>
		</bndbox>
	</object>
</annotation>
