<annotation>
	<folder></folder>
	<filename>IMG_8186_JPG.rf.64ff1151a8345b6c5fe76c6792c74e90.jpg</filename>
	<path>IMG_8186_JPG.rf.64ff1151a8345b6c5fe76c6792c74e90.jpg</path>
	<source>
		<database>roboflow.com</database>
	</source>
	<size>
		<width>640</width>
		<height>640</height>
		<depth>3</depth>
	</size>
	<segmented>0</segmented>
	<object>
		<name>Book</name>
		<pose>Unspecified</pose>
		<truncated>0</truncated>
		<difficult>0</difficult>
		<occluded>0</occluded>
		<bndbox>
			<xmin>84</xmin>
			<xmax>559</xmax>
			<ymin>122</ymin>
			<ymax>603</ymax>
		</bndbox>
	</object>
</annotation>
