<annotation>
	<folder></folder>
	<filename>IMG_8134_JPG.rf.29cd357bb86486d0ce76c438ef491f21.jpg</filename>
	<path>IMG_8134_JPG.rf.29cd357bb86486d0ce76c438ef491f21.jpg</path>
	<source>
		<database>roboflow.com</database>
	</source>
	<size>
		<width>640</width>
		<height>640</height>
		<depth>3</depth>
	</size>
	<segmented>0</segmented>
	<object>
		<name>Book</name>
		<pose>Unspecified</pose>
		<truncated>0</truncated>
		<difficult>0</difficult>
		<occluded>0</occluded>
		<bndbox>
			<xmin>104</xmin>
			<xmax>476</xmax>
			<ymin>2</ymin>
			<ymax>201</ymax>
		</bndbox>
	</object>
	<object>
		<name>Pen</name>
		<pose>Unspecified</pose>
		<truncated>0</truncated>
		<difficult>0</difficult>
		<occluded>0</occluded>
		<bndbox>
			<xmin>216</xmin>
			<xmax>478</xmax>
			<ymin>298</ymin>
			<ymax>331</ymax>
		</bndbox>
	</object>
</annotation>
