<annotation>
	<folder>train</folder>
	<filename>IMG_7990_JPG.rf.322b7c67c8f9bf2f41b7ec37d32e89c4.jpg</filename>
	<path>D:\FinalProject\data\train\IMG_7990_JPG.rf.322b7c67c8f9bf2f41b7ec37d32e89c4.jpg</path>
	<source>
		<database>Unknown</database>
	</source>
	<size>
		<width>640</width>
		<height>640</height>
		<depth>3</depth>
	</size>
	<segmented>0</segmented>
	<object>
		<name>Card</name>
		<pose>Unspecified</pose>
		<truncated>0</truncated>
		<difficult>0</difficult>
		<bndbox>
			<xmin>256</xmin>
			<ymin>279</ymin>
			<xmax>542</xmax>
			<ymax>470</ymax>
		</bndbox>
	</object>
</annotation>
