<annotation>
	<folder>train</folder>
	<filename>IMG_7938_JPG.rf.0dc4f5a404e73b8141d8e055874a4e53.jpg</filename>
	<path>D:\FinalProject\data\train\IMG_7938_JPG.rf.0dc4f5a404e73b8141d8e055874a4e53.jpg</path>
	<source>
		<database>Unknown</database>
	</source>
	<size>
		<width>640</width>
		<height>640</height>
		<depth>3</depth>
	</size>
	<segmented>0</segmented>
	<object>
		<name>Card</name>
		<pose>Unspecified</pose>
		<truncated>1</truncated>
		<difficult>0</difficult>
		<bndbox>
			<xmin>150</xmin>
			<ymin>65</ymin>
			<xmax>640</xmax>
			<ymax>425</ymax>
		</bndbox>
	</object>
</annotation>
