<annotation>
	<folder></folder>
	<filename>IMG_8235_JPG.rf.72d908eb83344c21b1635fe1370473a2.jpg</filename>
	<path>IMG_8235_JPG.rf.72d908eb83344c21b1635fe1370473a2.jpg</path>
	<source>
		<database>roboflow.com</database>
	</source>
	<size>
		<width>640</width>
		<height>640</height>
		<depth>3</depth>
	</size>
	<segmented>0</segmented>
	<object>
		<name>Book</name>
		<pose>Unspecified</pose>
		<truncated>0</truncated>
		<difficult>0</difficult>
		<occluded>0</occluded>
		<bndbox>
			<xmin>116</xmin>
			<xmax>587</xmax>
			<ymin>156</ymin>
			<ymax>437</ymax>
		</bndbox>
	</object>
	<object>
		<name>Book</name>
		<pose>Unspecified</pose>
		<truncated>0</truncated>
		<difficult>0</difficult>
		<occluded>0</occluded>
		<bndbox>
			<xmin>2</xmin>
			<xmax>640</xmax>
			<ymin>81</ymin>
			<ymax>612</ymax>
		</bndbox>
	</object>
</annotation>
