<annotation>
	<folder>train</folder>
	<filename>IMG_7906_JPG.rf.f5666d24b4fa15dbc387cb23358c4332.jpg</filename>
	<path>D:\FinalProject\data\train\IMG_7906_JPG.rf.f5666d24b4fa15dbc387cb23358c4332.jpg</path>
	<source>
		<database>Unknown</database>
	</source>
	<size>
		<width>640</width>
		<height>640</height>
		<depth>3</depth>
	</size>
	<segmented>0</segmented>
	<object>
		<name>Card</name>
		<pose>Unspecified</pose>
		<truncated>0</truncated>
		<difficult>0</difficult>
		<bndbox>
			<xmin>128</xmin>
			<ymin>158</ymin>
			<xmax>486</xmax>
			<ymax>541</ymax>
		</bndbox>
	</object>
</annotation>
