<annotation>
	<folder></folder>
	<filename>IMG_8200_JPG.rf.536742252cced362333bff25d9b6b50e.jpg</filename>
	<path>IMG_8200_JPG.rf.536742252cced362333bff25d9b6b50e.jpg</path>
	<source>
		<database>roboflow.com</database>
	</source>
	<size>
		<width>640</width>
		<height>640</height>
		<depth>3</depth>
	</size>
	<segmented>0</segmented>
	<object>
		<name>Book</name>
		<pose>Unspecified</pose>
		<truncated>0</truncated>
		<difficult>0</difficult>
		<occluded>0</occluded>
		<bndbox>
			<xmin>2</xmin>
			<xmax>636</xmax>
			<ymin>123</ymin>
			<ymax>606</ymax>
		</bndbox>
	</object>
</annotation>
