<annotation>
	<folder></folder>
	<filename>IMG_8176_JPG.rf.f2ce874370aa20d8d1819ad5d15d8277.jpg</filename>
	<path>IMG_8176_JPG.rf.f2ce874370aa20d8d1819ad5d15d8277.jpg</path>
	<source>
		<database>roboflow.com</database>
	</source>
	<size>
		<width>640</width>
		<height>640</height>
		<depth>3</depth>
	</size>
	<segmented>0</segmented>
	<object>
		<name>Pen</name>
		<pose>Unspecified</pose>
		<truncated>0</truncated>
		<difficult>0</difficult>
		<occluded>0</occluded>
		<bndbox>
			<xmin>236</xmin>
			<xmax>297</xmax>
			<ymin>161</ymin>
			<ymax>544</ymax>
		</bndbox>
	</object>
</annotation>
