<annotation>
	<folder></folder>
	<filename>IMG_8092_JPG.rf.b888004a162ca93b4c72ca03ca8255a7.jpg</filename>
	<path>IMG_8092_JPG.rf.b888004a162ca93b4c72ca03ca8255a7.jpg</path>
	<source>
		<database>roboflow.com</database>
	</source>
	<size>
		<width>640</width>
		<height>640</height>
		<depth>3</depth>
	</size>
	<segmented>0</segmented>
	<object>
		<name>Pen</name>
		<pose>Unspecified</pose>
		<truncated>0</truncated>
		<difficult>0</difficult>
		<occluded>0</occluded>
		<bndbox>
			<xmin>210</xmin>
			<xmax>242</xmax>
			<ymin>245</ymin>
			<ymax>500</ymax>
		</bndbox>
	</object>
	<object>
		<name>Pen</name>
		<pose>Unspecified</pose>
		<truncated>0</truncated>
		<difficult>0</difficult>
		<occluded>0</occluded>
		<bndbox>
			<xmin>84</xmin>
			<xmax>118</xmax>
			<ymin>238</ymin>
			<ymax>463</ymax>
		</bndbox>
	</object>
	<object>
		<name>Pen</name>
		<pose>Unspecified</pose>
		<truncated>0</truncated>
		<difficult>0</difficult>
		<occluded>0</occluded>
		<bndbox>
			<xmin>495</xmin>
			<xmax>550</xmax>
			<ymin>239</ymin>
			<ymax>513</ymax>
		</bndbox>
	</object>
	<object>
		<name>Pen</name>
		<pose>Unspecified</pose>
		<truncated>0</truncated>
		<difficult>0</difficult>
		<occluded>0</occluded>
		<bndbox>
			<xmin>353</xmin>
			<xmax>388</xmax>
			<ymin>224</ymin>
			<ymax>487</ymax>
		</bndbox>
	</object>
</annotation>
