<annotation>
	<folder></folder>
	<filename>IMG_8214_JPG.rf.57f00f8bde3c4ae2faa1eeb4679c322a.jpg</filename>
	<path>IMG_8214_JPG.rf.57f00f8bde3c4ae2faa1eeb4679c322a.jpg</path>
	<source>
		<database>roboflow.com</database>
	</source>
	<size>
		<width>640</width>
		<height>640</height>
		<depth>3</depth>
	</size>
	<segmented>0</segmented>
	<object>
		<name>Book</name>
		<pose>Unspecified</pose>
		<truncated>0</truncated>
		<difficult>0</difficult>
		<occluded>0</occluded>
		<bndbox>
			<xmin>77</xmin>
			<xmax>424</xmax>
			<ymin>152</ymin>
			<ymax>522</ymax>
		</bndbox>
	</object>
</annotation>
