<annotation>
	<folder>train</folder>
	<filename>IMG_7925_JPG.rf.45a4815b4549ee8664f21b111adeffaf.jpg</filename>
	<path>D:\FinalProject\data\train\IMG_7925_JPG.rf.45a4815b4549ee8664f21b111adeffaf.jpg</path>
	<source>
		<database>Unknown</database>
	</source>
	<size>
		<width>640</width>
		<height>640</height>
		<depth>3</depth>
	</size>
	<segmented>0</segmented>
	<object>
		<name>Card</name>
		<pose>Unspecified</pose>
		<truncated>0</truncated>
		<difficult>0</difficult>
		<bndbox>
			<xmin>212</xmin>
			<ymin>225</ymin>
			<xmax>478</xmax>
			<ymax>511</ymax>
		</bndbox>
	</object>
</annotation>
