<annotation>
	<folder>test</folder>
	<filename>IMG_8046_JPG.rf.489c02545bcb338db8a8e768ba897068.jpg</filename>
	<path>D:\FinalProject\data\test\IMG_8046_JPG.rf.489c02545bcb338db8a8e768ba897068.jpg</path>
	<source>
		<database>Unknown</database>
	</source>
	<size>
		<width>640</width>
		<height>640</height>
		<depth>3</depth>
	</size>
	<segmented>0</segmented>
	<object>
		<name>Book</name>
		<pose>Unspecified</pose>
		<truncated>1</truncated>
		<difficult>0</difficult>
		<bndbox>
			<xmin>6</xmin>
			<ymin>1</ymin>
			<xmax>571</xmax>
			<ymax>621</ymax>
		</bndbox>
	</object>
</annotation>
