<annotation>
	<folder></folder>
	<filename>IMG_8168_JPG.rf.c94a1fa625897916646f7dab4d4d6fa1.jpg</filename>
	<path>IMG_8168_JPG.rf.c94a1fa625897916646f7dab4d4d6fa1.jpg</path>
	<source>
		<database>roboflow.com</database>
	</source>
	<size>
		<width>640</width>
		<height>640</height>
		<depth>3</depth>
	</size>
	<segmented>0</segmented>
	<object>
		<name>Pen</name>
		<pose>Unspecified</pose>
		<truncated>0</truncated>
		<difficult>0</difficult>
		<occluded>0</occluded>
		<bndbox>
			<xmin>261</xmin>
			<xmax>452</xmax>
			<ymin>88</ymin>
			<ymax>517</ymax>
		</bndbox>
	</object>
</annotation>
