<annotation>
	<folder></folder>
	<filename>IMG_8122_JPG.rf.ec7fb91881c28bdab943e76900940799.jpg</filename>
	<path>IMG_8122_JPG.rf.ec7fb91881c28bdab943e76900940799.jpg</path>
	<source>
		<database>roboflow.com</database>
	</source>
	<size>
		<width>640</width>
		<height>640</height>
		<depth>3</depth>
	</size>
	<segmented>0</segmented>
	<object>
		<name>Pen</name>
		<pose>Unspecified</pose>
		<truncated>0</truncated>
		<difficult>0</difficult>
		<occluded>0</occluded>
		<bndbox>
			<xmin>278</xmin>
			<xmax>334</xmax>
			<ymin>105</ymin>
			<ymax>545</ymax>
		</bndbox>
	</object>
</annotation>
