<annotation>
	<folder></folder>
	<filename>IMG_8179_JPG.rf.318f5a7b6f1f44d85b7b37a7d5859df3.jpg</filename>
	<path>IMG_8179_JPG.rf.318f5a7b6f1f44d85b7b37a7d5859df3.jpg</path>
	<source>
		<database>roboflow.com</database>
	</source>
	<size>
		<width>640</width>
		<height>640</height>
		<depth>3</depth>
	</size>
	<segmented>0</segmented>
	<object>
		<name>Pen</name>
		<pose>Unspecified</pose>
		<truncated>0</truncated>
		<difficult>0</difficult>
		<occluded>0</occluded>
		<bndbox>
			<xmin>17</xmin>
			<xmax>619</xmax>
			<ymin>197</ymin>
			<ymax>272</ymax>
		</bndbox>
	</object>
</annotation>
