<annotation>
	<folder></folder>
	<filename>IMG_8187_JPG.rf.8de9ee3452f020e4280358759b0c3a21.jpg</filename>
	<path>IMG_8187_JPG.rf.8de9ee3452f020e4280358759b0c3a21.jpg</path>
	<source>
		<database>roboflow.com</database>
	</source>
	<size>
		<width>640</width>
		<height>640</height>
		<depth>3</depth>
	</size>
	<segmented>0</segmented>
	<object>
		<name>Book</name>
		<pose>Unspecified</pose>
		<truncated>0</truncated>
		<difficult>0</difficult>
		<occluded>0</occluded>
		<bndbox>
			<xmin>82</xmin>
			<xmax>538</xmax>
			<ymin>61</ymin>
			<ymax>586</ymax>
		</bndbox>
	</object>
	<object>
		<name>Book</name>
		<pose>Unspecified</pose>
		<truncated>0</truncated>
		<difficult>0</difficult>
		<occluded>0</occluded>
		<bndbox>
			<xmin>1</xmin>
			<xmax>219</xmax>
			<ymin>1</ymin>
			<ymax>225</ymax>
		</bndbox>
	</object>
</annotation>
