<annotation>
	<folder>train</folder>
	<filename>IMG_7933_JPG.rf.4772d3791e664e724c5fc78b9d4eacc9.jpg</filename>
	<path>D:\FinalProject\data\train\IMG_7933_JPG.rf.4772d3791e664e724c5fc78b9d4eacc9.jpg</path>
	<source>
		<database>Unknown</database>
	</source>
	<size>
		<width>640</width>
		<height>640</height>
		<depth>3</depth>
	</size>
	<segmented>0</segmented>
	<object>
		<name>Card</name>
		<pose>Unspecified</pose>
		<truncated>0</truncated>
		<difficult>0</difficult>
		<bndbox>
			<xmin>232</xmin>
			<ymin>211</ymin>
			<xmax>462</xmax>
			<ymax>422</ymax>
		</bndbox>
	</object>
</annotation>
