<annotation>
	<folder></folder>
	<filename>IMG_8175_JPG.rf.8fc2d505761e2765f5a8151cb9c55707.jpg</filename>
	<path>IMG_8175_JPG.rf.8fc2d505761e2765f5a8151cb9c55707.jpg</path>
	<source>
		<database>roboflow.com</database>
	</source>
	<size>
		<width>640</width>
		<height>640</height>
		<depth>3</depth>
	</size>
	<segmented>0</segmented>
	<object>
		<name>Pen</name>
		<pose>Unspecified</pose>
		<truncated>0</truncated>
		<difficult>0</difficult>
		<occluded>0</occluded>
		<bndbox>
			<xmin>81</xmin>
			<xmax>307</xmax>
			<ymin>533</ymin>
			<ymax>640</ymax>
		</bndbox>
	</object>
	<object>
		<name>Pen</name>
		<pose>Unspecified</pose>
		<truncated>0</truncated>
		<difficult>0</difficult>
		<occluded>0</occluded>
		<bndbox>
			<xmin>134</xmin>
			<xmax>323</xmax>
			<ymin>502</ymin>
			<ymax>568</ymax>
		</bndbox>
	</object>
	<object>
		<name>Pen</name>
		<pose>Unspecified</pose>
		<truncated>0</truncated>
		<difficult>0</difficult>
		<occluded>0</occluded>
		<bndbox>
			<xmin>198</xmin>
			<xmax>278</xmax>
			<ymin>62</ymin>
			<ymax>550</ymax>
		</bndbox>
	</object>
</annotation>
