<annotation>
	<folder>valid</folder>
	<filename>IMG_8015_JPG.rf.4c68f259eb77af919de824bbd3e29331.jpg</filename>
	<path>D:\FinalProject\data\valid\IMG_8015_JPG.rf.4c68f259eb77af919de824bbd3e29331.jpg</path>
	<source>
		<database>Unknown</database>
	</source>
	<size>
		<width>640</width>
		<height>640</height>
		<depth>3</depth>
	</size>
	<segmented>0</segmented>
	<object>
		<name>Book</name>
		<pose>Unspecified</pose>
		<truncated>0</truncated>
		<difficult>0</difficult>
		<bndbox>
			<xmin>63</xmin>
			<ymin>161</ymin>
			<xmax>548</xmax>
			<ymax>629</ymax>
		</bndbox>
	</object>
</annotation>
