<annotation>
	<folder>train</folder>
	<filename>IMG_7913_JPG.rf.62ca551fa0b60cc7822edc54efbb20b8.jpg</filename>
	<path>D:\FinalProject\data\train\IMG_7913_JPG.rf.62ca551fa0b60cc7822edc54efbb20b8.jpg</path>
	<source>
		<database>Unknown</database>
	</source>
	<size>
		<width>640</width>
		<height>640</height>
		<depth>3</depth>
	</size>
	<segmented>0</segmented>
	<object>
		<name>Card</name>
		<pose>Unspecified</pose>
		<truncated>0</truncated>
		<difficult>0</difficult>
		<bndbox>
			<xmin>106</xmin>
			<ymin>159</ymin>
			<xmax>486</xmax>
			<ymax>504</ymax>
		</bndbox>
	</object>
</annotation>
