<annotation>
	<folder>train</folder>
	<filename>IMG_7959_JPG.rf.595926544c37389700a57f71a522f41f.jpg</filename>
	<path>D:\FinalProject\data\train\IMG_7959_JPG.rf.595926544c37389700a57f71a522f41f.jpg</path>
	<source>
		<database>Unknown</database>
	</source>
	<size>
		<width>640</width>
		<height>640</height>
		<depth>3</depth>
	</size>
	<segmented>0</segmented>
	<object>
		<name>Card</name>
		<pose>Unspecified</pose>
		<truncated>0</truncated>
		<difficult>0</difficult>
		<bndbox>
			<xmin>124</xmin>
			<ymin>149</ymin>
			<xmax>560</xmax>
			<ymax>515</ymax>
		</bndbox>
	</object>
</annotation>
