<annotation>
	<folder></folder>
	<filename>IMG_8207_JPG.rf.e17ae624393166609aaa507017043bf2.jpg</filename>
	<path>IMG_8207_JPG.rf.e17ae624393166609aaa507017043bf2.jpg</path>
	<source>
		<database>roboflow.com</database>
	</source>
	<size>
		<width>640</width>
		<height>640</height>
		<depth>3</depth>
	</size>
	<segmented>0</segmented>
	<object>
		<name>Book</name>
		<pose>Unspecified</pose>
		<truncated>0</truncated>
		<difficult>0</difficult>
		<occluded>0</occluded>
		<bndbox>
			<xmin>109</xmin>
			<xmax>435</xmax>
			<ymin>254</ymin>
			<ymax>570</ymax>
		</bndbox>
	</object>
</annotation>
