<annotation>
	<folder></folder>
	<filename>IMG_8220_JPG.rf.dd183239ed2d1b23687760da476a82d0.jpg</filename>
	<path>IMG_8220_JPG.rf.dd183239ed2d1b23687760da476a82d0.jpg</path>
	<source>
		<database>roboflow.com</database>
	</source>
	<size>
		<width>640</width>
		<height>640</height>
		<depth>3</depth>
	</size>
	<segmented>0</segmented>
	<object>
		<name>Book</name>
		<pose>Unspecified</pose>
		<truncated>0</truncated>
		<difficult>0</difficult>
		<occluded>0</occluded>
		<bndbox>
			<xmin>184</xmin>
			<xmax>494</xmax>
			<ymin>197</ymin>
			<ymax>349</ymax>
		</bndbox>
	</object>
</annotation>
