<annotation>
	<folder></folder>
	<filename>IMG_8097_JPG.rf.1333e4d150e8e0aef831c712d0bfcc33.jpg</filename>
	<path>IMG_8097_JPG.rf.1333e4d150e8e0aef831c712d0bfcc33.jpg</path>
	<source>
		<database>roboflow.com</database>
	</source>
	<size>
		<width>640</width>
		<height>640</height>
		<depth>3</depth>
	</size>
	<segmented>0</segmented>
	<object>
		<name>Pen</name>
		<pose>Unspecified</pose>
		<truncated>0</truncated>
		<difficult>0</difficult>
		<occluded>0</occluded>
		<bndbox>
			<xmin>176</xmin>
			<xmax>366</xmax>
			<ymin>150</ymin>
			<ymax>533</ymax>
		</bndbox>
	</object>
</annotation>
