<annotation>
	<folder></folder>
	<filename>IMG_8090_JPG.rf.4c903bbd69e4811a7547bc176f3fdb9b.jpg</filename>
	<path>IMG_8090_JPG.rf.4c903bbd69e4811a7547bc176f3fdb9b.jpg</path>
	<source>
		<database>roboflow.com</database>
	</source>
	<size>
		<width>640</width>
		<height>640</height>
		<depth>3</depth>
	</size>
	<segmented>0</segmented>
	<object>
		<name>Pen</name>
		<pose>Unspecified</pose>
		<truncated>0</truncated>
		<difficult>0</difficult>
		<occluded>0</occluded>
		<bndbox>
			<xmin>74</xmin>
			<xmax>560</xmax>
			<ymin>255</ymin>
			<ymax>437</ymax>
		</bndbox>
	</object>
</annotation>
