<annotation>
	<folder>train</folder>
	<filename>IMG_8019_JPG.rf.bd33c9bc71de670f4bfdfcc2b0c79974.jpg</filename>
	<path>D:\FinalProject\data\train\IMG_8019_JPG.rf.bd33c9bc71de670f4bfdfcc2b0c79974.jpg</path>
	<source>
		<database>Unknown</database>
	</source>
	<size>
		<width>640</width>
		<height>640</height>
		<depth>3</depth>
	</size>
	<segmented>0</segmented>
	<object>
		<name>Book</name>
		<pose>Unspecified</pose>
		<truncated>0</truncated>
		<difficult>0</difficult>
		<bndbox>
			<xmin>57</xmin>
			<ymin>55</ymin>
			<xmax>620</xmax>
			<ymax>609</ymax>
		</bndbox>
	</object>
</annotation>
