<annotation>
	<folder>valid</folder>
	<filename>IMG_7954_JPG.rf.f90f57edfb5832c4f2c1071006359fd6.jpg</filename>
	<path>D:\FinalProject\data\valid\IMG_7954_JPG.rf.f90f57edfb5832c4f2c1071006359fd6.jpg</path>
	<source>
		<database>Unknown</database>
	</source>
	<size>
		<width>640</width>
		<height>640</height>
		<depth>3</depth>
	</size>
	<segmented>0</segmented>
	<object>
		<name>Card</name>
		<pose>Unspecified</pose>
		<truncated>0</truncated>
		<difficult>0</difficult>
		<bndbox>
			<xmin>210</xmin>
			<ymin>187</ymin>
			<xmax>430</xmax>
			<ymax>405</ymax>
		</bndbox>
	</object>
</annotation>
