<annotation>
	<folder>train</folder>
	<filename>IMG_8047_JPG.rf.39644718d65c89de65b51e4a347d8fb5.jpg</filename>
	<path>D:\FinalProject\data\train\IMG_8047_JPG.rf.39644718d65c89de65b51e4a347d8fb5.jpg</path>
	<source>
		<database>Unknown</database>
	</source>
	<size>
		<width>640</width>
		<height>640</height>
		<depth>3</depth>
	</size>
	<segmented>0</segmented>
	<object>
		<name>Book</name>
		<pose>Unspecified</pose>
		<truncated>0</truncated>
		<difficult>0</difficult>
		<bndbox>
			<xmin>28</xmin>
			<ymin>16</ymin>
			<xmax>618</xmax>
			<ymax>629</ymax>
		</bndbox>
	</object>
</annotation>
