<annotation>
	<folder>train</folder>
	<filename>IMG_7912_JPG.rf.a08e735f0b88ea73a3e188a0084f257a.jpg</filename>
	<path>D:\FinalProject\data\train\IMG_7912_JPG.rf.a08e735f0b88ea73a3e188a0084f257a.jpg</path>
	<source>
		<database>Unknown</database>
	</source>
	<size>
		<width>640</width>
		<height>640</height>
		<depth>3</depth>
	</size>
	<segmented>0</segmented>
	<object>
		<name>Card</name>
		<pose>Unspecified</pose>
		<truncated>0</truncated>
		<difficult>0</difficult>
		<bndbox>
			<xmin>115</xmin>
			<ymin>167</ymin>
			<xmax>470</xmax>
			<ymax>507</ymax>
		</bndbox>
	</object>
</annotation>
