<annotation>
	<folder></folder>
	<filename>IMG_8143_JPG.rf.360c0bb0ed444a2c3915dce19cd381ec.jpg</filename>
	<path>IMG_8143_JPG.rf.360c0bb0ed444a2c3915dce19cd381ec.jpg</path>
	<source>
		<database>roboflow.com</database>
	</source>
	<size>
		<width>640</width>
		<height>640</height>
		<depth>3</depth>
	</size>
	<segmented>0</segmented>
	<object>
		<name>Pen</name>
		<pose>Unspecified</pose>
		<truncated>0</truncated>
		<difficult>0</difficult>
		<occluded>0</occluded>
		<bndbox>
			<xmin>223</xmin>
			<xmax>314</xmax>
			<ymin>303</ymin>
			<ymax>611</ymax>
		</bndbox>
	</object>
</annotation>
