<annotation>
	<folder>train</folder>
	<filename>IMG_8016_JPG.rf.c0b74d62e7d4f21f3a70ae1bf6f4f8f7.jpg</filename>
	<path>D:\FinalProject\data\train\IMG_8016_JPG.rf.c0b74d62e7d4f21f3a70ae1bf6f4f8f7.jpg</path>
	<source>
		<database>Unknown</database>
	</source>
	<size>
		<width>640</width>
		<height>640</height>
		<depth>3</depth>
	</size>
	<segmented>0</segmented>
	<object>
		<name>Card</name>
		<pose>Unspecified</pose>
		<truncated>0</truncated>
		<difficult>0</difficult>
		<bndbox>
			<xmin>114</xmin>
			<ymin>107</ymin>
			<xmax>575</xmax>
			<ymax>581</ymax>
		</bndbox>
	</object>
	<object>
		<name>Book</name>
		<pose>Unspecified</pose>
		<truncated>0</truncated>
		<difficult>0</difficult>
		<bndbox>
			<xmin>101</xmin>
			<ymin>96</ymin>
			<xmax>562</xmax>
			<ymax>586</ymax>
		</bndbox>
	</object>
</annotation>
