<annotation>
	<folder>train</folder>
	<filename>IMG_7918_JPG.rf.eccab68daf14c181ee56de9722a44cb4.jpg</filename>
	<path>D:\FinalProject\data\train\IMG_7918_JPG.rf.eccab68daf14c181ee56de9722a44cb4.jpg</path>
	<source>
		<database>Unknown</database>
	</source>
	<size>
		<width>640</width>
		<height>640</height>
		<depth>3</depth>
	</size>
	<segmented>0</segmented>
	<object>
		<name>Card</name>
		<pose>Unspecified</pose>
		<truncated>0</truncated>
		<difficult>0</difficult>
		<bndbox>
			<xmin>169</xmin>
			<ymin>349</ymin>
			<xmax>390</xmax>
			<ymax>598</ymax>
		</bndbox>
	</object>
</annotation>
