<annotation>
	<folder>valid</folder>
	<filename>IMG_7922_JPG.rf.cc8bfb4444ef5115ee725948ba8baa26.jpg</filename>
	<path>D:\FinalProject\data\valid\IMG_7922_JPG.rf.cc8bfb4444ef5115ee725948ba8baa26.jpg</path>
	<source>
		<database>Unknown</database>
	</source>
	<size>
		<width>640</width>
		<height>640</height>
		<depth>3</depth>
	</size>
	<segmented>0</segmented>
	<object>
		<name>Card</name>
		<pose>Unspecified</pose>
		<truncated>0</truncated>
		<difficult>0</difficult>
		<bndbox>
			<xmin>233</xmin>
			<ymin>287</ymin>
			<xmax>468</xmax>
			<ymax>514</ymax>
		</bndbox>
	</object>
</annotation>
