<annotation>
	<folder>train</folder>
	<filename>IMG_7980_JPG.rf.2aad21d94dadd99cb1f85cabaa181116.jpg</filename>
	<path>D:\FinalProject\data\train\IMG_7980_JPG.rf.2aad21d94dadd99cb1f85cabaa181116.jpg</path>
	<source>
		<database>Unknown</database>
	</source>
	<size>
		<width>640</width>
		<height>640</height>
		<depth>3</depth>
	</size>
	<segmented>0</segmented>
	<object>
		<name>Card</name>
		<pose>Unspecified</pose>
		<truncated>0</truncated>
		<difficult>0</difficult>
		<bndbox>
			<xmin>183</xmin>
			<ymin>311</ymin>
			<xmax>438</xmax>
			<ymax>574</ymax>
		</bndbox>
	</object>
</annotation>
