<annotation>
	<folder>train</folder>
	<filename>IMG_7909_JPG.rf.20be41617f31df85c7e122e00c795dbe.jpg</filename>
	<path>D:\FinalProject\data\train\IMG_7909_JPG.rf.20be41617f31df85c7e122e00c795dbe.jpg</path>
	<source>
		<database>Unknown</database>
	</source>
	<size>
		<width>640</width>
		<height>640</height>
		<depth>3</depth>
	</size>
	<segmented>0</segmented>
	<object>
		<name>Card</name>
		<pose>Unspecified</pose>
		<truncated>0</truncated>
		<difficult>0</difficult>
		<bndbox>
			<xmin>104</xmin>
			<ymin>174</ymin>
			<xmax>488</xmax>
			<ymax>535</ymax>
		</bndbox>
	</object>
</annotation>
