<annotation>
	<folder>valid</folder>
	<filename>IMG_7965_JPG.rf.862b735c06d45a02882cdb9e0baf8574.jpg</filename>
	<path>D:\FinalProject\data\valid\IMG_7965_JPG.rf.862b735c06d45a02882cdb9e0baf8574.jpg</path>
	<source>
		<database>Unknown</database>
	</source>
	<size>
		<width>640</width>
		<height>640</height>
		<depth>3</depth>
	</size>
	<segmented>0</segmented>
	<object>
		<name>Card</name>
		<pose>Unspecified</pose>
		<truncated>0</truncated>
		<difficult>0</difficult>
		<bndbox>
			<xmin>106</xmin>
			<ymin>237</ymin>
			<xmax>508</xmax>
			<ymax>554</ymax>
		</bndbox>
	</object>
</annotation>
