<annotation>
	<folder></folder>
	<filename>IMG_8150_JPG.rf.24f294e6a9b3f12cf3918e29787d375f.jpg</filename>
	<path>IMG_8150_JPG.rf.24f294e6a9b3f12cf3918e29787d375f.jpg</path>
	<source>
		<database>roboflow.com</database>
	</source>
	<size>
		<width>640</width>
		<height>640</height>
		<depth>3</depth>
	</size>
	<segmented>0</segmented>
	<object>
		<name>Pen</name>
		<pose>Unspecified</pose>
		<truncated>0</truncated>
		<difficult>0</difficult>
		<occluded>0</occluded>
		<bndbox>
			<xmin>184</xmin>
			<xmax>424</xmax>
			<ymin>332</ymin>
			<ymax>493</ymax>
		</bndbox>
	</object>
</annotation>
