<annotation>
	<folder></folder>
	<filename>IMG_8177_JPG.rf.b37aa6e1d14a73db6b08dc9b73387c8a.jpg</filename>
	<path>IMG_8177_JPG.rf.b37aa6e1d14a73db6b08dc9b73387c8a.jpg</path>
	<source>
		<database>roboflow.com</database>
	</source>
	<size>
		<width>640</width>
		<height>640</height>
		<depth>3</depth>
	</size>
	<segmented>0</segmented>
	<object>
		<name>Pen</name>
		<pose>Unspecified</pose>
		<truncated>0</truncated>
		<difficult>0</difficult>
		<occluded>0</occluded>
		<bndbox>
			<xmin>258</xmin>
			<xmax>298</xmax>
			<ymin>217</ymin>
			<ymax>577</ymax>
		</bndbox>
	</object>
</annotation>
