<annotation>
	<folder></folder>
	<filename>IMG_8132_JPG.rf.fc65c0b44edf91ba32451443383e4740.jpg</filename>
	<path>IMG_8132_JPG.rf.fc65c0b44edf91ba32451443383e4740.jpg</path>
	<source>
		<database>roboflow.com</database>
	</source>
	<size>
		<width>640</width>
		<height>640</height>
		<depth>3</depth>
	</size>
	<segmented>0</segmented>
	<object>
		<name>Book</name>
		<pose>Unspecified</pose>
		<truncated>0</truncated>
		<difficult>0</difficult>
		<occluded>0</occluded>
		<bndbox>
			<xmin>106</xmin>
			<xmax>499</xmax>
			<ymin>12</ymin>
			<ymax>225</ymax>
		</bndbox>
	</object>
	<object>
		<name>Pen</name>
		<pose>Unspecified</pose>
		<truncated>0</truncated>
		<difficult>0</difficult>
		<occluded>0</occluded>
		<bndbox>
			<xmin>187</xmin>
			<xmax>479</xmax>
			<ymin>309</ymin>
			<ymax>346</ymax>
		</bndbox>
	</object>
</annotation>
