<annotation>
	<folder></folder>
	<filename>IMG_8102_JPG.rf.94cb32a080a4791f329f2548beea79a8.jpg</filename>
	<path>IMG_8102_JPG.rf.94cb32a080a4791f329f2548beea79a8.jpg</path>
	<source>
		<database>roboflow.com</database>
	</source>
	<size>
		<width>640</width>
		<height>640</height>
		<depth>3</depth>
	</size>
	<segmented>0</segmented>
	<object>
		<name>Pen</name>
		<pose>Unspecified</pose>
		<truncated>0</truncated>
		<difficult>0</difficult>
		<occluded>0</occluded>
		<bndbox>
			<xmin>215</xmin>
			<xmax>394</xmax>
			<ymin>84</ymin>
			<ymax>546</ymax>
		</bndbox>
	</object>
</annotation>
