<annotation>
	<folder>valid</folder>
	<filename>IMG_7957_JPG.rf.362910517b31e8cbf01c36300f641686.jpg</filename>
	<path>D:\FinalProject\data\valid\IMG_7957_JPG.rf.362910517b31e8cbf01c36300f641686.jpg</path>
	<source>
		<database>Unknown</database>
	</source>
	<size>
		<width>640</width>
		<height>640</height>
		<depth>3</depth>
	</size>
	<segmented>0</segmented>
	<object>
		<name>Card</name>
		<pose>Unspecified</pose>
		<truncated>0</truncated>
		<difficult>0</difficult>
		<bndbox>
			<xmin>157</xmin>
			<ymin>117</ymin>
			<xmax>422</xmax>
			<ymax>387</ymax>
		</bndbox>
	</object>
</annotation>
