<annotation>
	<folder></folder>
	<filename>IMG_8208_JPG.rf.7a6b7430a95460a88970f125816ee698.jpg</filename>
	<path>IMG_8208_JPG.rf.7a6b7430a95460a88970f125816ee698.jpg</path>
	<source>
		<database>roboflow.com</database>
	</source>
	<size>
		<width>640</width>
		<height>640</height>
		<depth>3</depth>
	</size>
	<segmented>0</segmented>
	<object>
		<name>Book</name>
		<pose>Unspecified</pose>
		<truncated>0</truncated>
		<difficult>0</difficult>
		<occluded>0</occluded>
		<bndbox>
			<xmin>75</xmin>
			<xmax>450</xmax>
			<ymin>190</ymin>
			<ymax>619</ymax>
		</bndbox>
	</object>
</annotation>
