<annotation>
	<folder></folder>
	<filename>IMG_8159_JPG.rf.4331783f8aa4206f3c0b6e32113fbf3a.jpg</filename>
	<path>IMG_8159_JPG.rf.4331783f8aa4206f3c0b6e32113fbf3a.jpg</path>
	<source>
		<database>roboflow.com</database>
	</source>
	<size>
		<width>640</width>
		<height>640</height>
		<depth>3</depth>
	</size>
	<segmented>0</segmented>
	<object>
		<name>Book</name>
		<pose>Unspecified</pose>
		<truncated>0</truncated>
		<difficult>0</difficult>
		<occluded>0</occluded>
		<bndbox>
			<xmin>22</xmin>
			<xmax>501</xmax>
			<ymin>105</ymin>
			<ymax>590</ymax>
		</bndbox>
	</object>
	<object>
		<name>Pen</name>
		<pose>Unspecified</pose>
		<truncated>0</truncated>
		<difficult>0</difficult>
		<occluded>0</occluded>
		<bndbox>
			<xmin>189</xmin>
			<xmax>317</xmax>
			<ymin>170</ymin>
			<ymax>537</ymax>
		</bndbox>
	</object>
</annotation>
