<annotation>
	<folder></folder>
	<filename>IMG_8094_JPG.rf.531e83335fceaca877614a57d32813c6.jpg</filename>
	<path>IMG_8094_JPG.rf.531e83335fceaca877614a57d32813c6.jpg</path>
	<source>
		<database>roboflow.com</database>
	</source>
	<size>
		<width>640</width>
		<height>640</height>
		<depth>3</depth>
	</size>
	<segmented>0</segmented>
	<object>
		<name>Pen</name>
		<pose>Unspecified</pose>
		<truncated>0</truncated>
		<difficult>0</difficult>
		<occluded>0</occluded>
		<bndbox>
			<xmin>116</xmin>
			<xmax>556</xmax>
			<ymin>283</ymin>
			<ymax>315</ymax>
		</bndbox>
	</object>
</annotation>
