<annotation>
	<folder>train</folder>
	<filename>IMG_8045_JPG.rf.154fad26ba740114534c9bd434b5ff6b.jpg</filename>
	<path>D:\FinalProject\data\train\IMG_8045_JPG.rf.154fad26ba740114534c9bd434b5ff6b.jpg</path>
	<source>
		<database>Unknown</database>
	</source>
	<size>
		<width>640</width>
		<height>640</height>
		<depth>3</depth>
	</size>
	<segmented>0</segmented>
	<object>
		<name>Book</name>
		<pose>Unspecified</pose>
		<truncated>0</truncated>
		<difficult>0</difficult>
		<bndbox>
			<xmin>20</xmin>
			<ymin>47</ymin>
			<xmax>514</xmax>
			<ymax>558</ymax>
		</bndbox>
	</object>
</annotation>
