<annotation>
	<folder></folder>
	<filename>IMG_8215_JPG.rf.60e8ccf8d15f8041eaa9a09f2e50a59d.jpg</filename>
	<path>IMG_8215_JPG.rf.60e8ccf8d15f8041eaa9a09f2e50a59d.jpg</path>
	<source>
		<database>roboflow.com</database>
	</source>
	<size>
		<width>640</width>
		<height>640</height>
		<depth>3</depth>
	</size>
	<segmented>0</segmented>
	<object>
		<name>Book</name>
		<pose>Unspecified</pose>
		<truncated>0</truncated>
		<difficult>0</difficult>
		<occluded>0</occluded>
		<bndbox>
			<xmin>99</xmin>
			<xmax>518</xmax>
			<ymin>157</ymin>
			<ymax>528</ymax>
		</bndbox>
	</object>
</annotation>
