<annotation>
	<folder>train</folder>
	<filename>IMG_7958_JPG.rf.ea40ecd0b577107bf16d419804539e82.jpg</filename>
	<path>D:\FinalProject\data\train\IMG_7958_JPG.rf.ea40ecd0b577107bf16d419804539e82.jpg</path>
	<source>
		<database>Unknown</database>
	</source>
	<size>
		<width>640</width>
		<height>640</height>
		<depth>3</depth>
	</size>
	<segmented>0</segmented>
	<object>
		<name>Card</name>
		<pose>Unspecified</pose>
		<truncated>0</truncated>
		<difficult>0</difficult>
		<bndbox>
			<xmin>227</xmin>
			<ymin>263</ymin>
			<xmax>534</xmax>
			<ymax>533</ymax>
		</bndbox>
	</object>
</annotation>
