<annotation>
	<folder></folder>
	<filename>IMG_8087_JPG.rf.74f07202fc7b45efd5b909d0e08bb1ec.jpg</filename>
	<path>IMG_8087_JPG.rf.74f07202fc7b45efd5b909d0e08bb1ec.jpg</path>
	<source>
		<database>roboflow.com</database>
	</source>
	<size>
		<width>640</width>
		<height>640</height>
		<depth>3</depth>
	</size>
	<segmented>0</segmented>
	<object>
		<name>Card</name>
		<pose>Unspecified</pose>
		<truncated>0</truncated>
		<difficult>0</difficult>
		<occluded>0</occluded>
		<bndbox>
			<xmin>297</xmin>
			<xmax>484</xmax>
			<ymin>216</ymin>
			<ymax>407</ymax>
		</bndbox>
	</object>
	<object>
		<name>Pen</name>
		<pose>Unspecified</pose>
		<truncated>0</truncated>
		<difficult>0</difficult>
		<occluded>0</occluded>
		<bndbox>
			<xmin>138</xmin>
			<xmax>187</xmax>
			<ymin>183</ymin>
			<ymax>494</ymax>
		</bndbox>
	</object>
</annotation>
