<annotation>
	<folder></folder>
	<filename>IMG_8144_JPG.rf.961b84a5bb72eeaf63135c35fde0fe5b.jpg</filename>
	<path>IMG_8144_JPG.rf.961b84a5bb72eeaf63135c35fde0fe5b.jpg</path>
	<source>
		<database>roboflow.com</database>
	</source>
	<size>
		<width>640</width>
		<height>640</height>
		<depth>3</depth>
	</size>
	<segmented>0</segmented>
	<object>
		<name>Pen</name>
		<pose>Unspecified</pose>
		<truncated>0</truncated>
		<difficult>0</difficult>
		<occluded>0</occluded>
		<bndbox>
			<xmin>171</xmin>
			<xmax>414</xmax>
			<ymin>244</ymin>
			<ymax>493</ymax>
		</bndbox>
	</object>
</annotation>
