<annotation>
	<folder></folder>
	<filename>IMG_8211_JPG.rf.154215490668ee3088030c497a87b938.jpg</filename>
	<path>IMG_8211_JPG.rf.154215490668ee3088030c497a87b938.jpg</path>
	<source>
		<database>roboflow.com</database>
	</source>
	<size>
		<width>640</width>
		<height>640</height>
		<depth>3</depth>
	</size>
	<segmented>0</segmented>
	<object>
		<name>Book</name>
		<pose>Unspecified</pose>
		<truncated>0</truncated>
		<difficult>0</difficult>
		<occluded>0</occluded>
		<bndbox>
			<xmin>8</xmin>
			<xmax>509</xmax>
			<ymin>214</ymin>
			<ymax>600</ymax>
		</bndbox>
	</object>
</annotation>
