<annotation>
	<folder></folder>
	<filename>IMG_8234_JPG.rf.bf7b6bd7025a3284ddc92aa73fe6936a.jpg</filename>
	<path>IMG_8234_JPG.rf.bf7b6bd7025a3284ddc92aa73fe6936a.jpg</path>
	<source>
		<database>roboflow.com</database>
	</source>
	<size>
		<width>640</width>
		<height>640</height>
		<depth>3</depth>
	</size>
	<segmented>0</segmented>
	<object>
		<name>Book</name>
		<pose>Unspecified</pose>
		<truncated>0</truncated>
		<difficult>0</difficult>
		<occluded>0</occluded>
		<bndbox>
			<xmin>59</xmin>
			<xmax>640</xmax>
			<ymin>117</ymin>
			<ymax>447</ymax>
		</bndbox>
	</object>
</annotation>
