<annotation>
	<folder>test</folder>
	<filename>IMG_7983_JPG.rf.adb81d2f904eb65d44d63c416375b4ae.jpg</filename>
	<path>D:\FinalProject\data\test\IMG_7983_JPG.rf.adb81d2f904eb65d44d63c416375b4ae.jpg</path>
	<source>
		<database>Unknown</database>
	</source>
	<size>
		<width>640</width>
		<height>640</height>
		<depth>3</depth>
	</size>
	<segmented>0</segmented>
	<object>
		<name>Card</name>
		<pose>Unspecified</pose>
		<truncated>0</truncated>
		<difficult>0</difficult>
		<bndbox>
			<xmin>180</xmin>
			<ymin>144</ymin>
			<xmax>527</xmax>
			<ymax>411</ymax>
		</bndbox>
	</object>
</annotation>
