<annotation>
	<folder>train</folder>
	<filename>IMG_7931_JPG.rf.274eeca7df30e7f3c6215195ed214dd8.jpg</filename>
	<path>D:\FinalProject\data\train\IMG_7931_JPG.rf.274eeca7df30e7f3c6215195ed214dd8.jpg</path>
	<source>
		<database>Unknown</database>
	</source>
	<size>
		<width>640</width>
		<height>640</height>
		<depth>3</depth>
	</size>
	<segmented>0</segmented>
	<object>
		<name>Card</name>
		<pose>Unspecified</pose>
		<truncated>0</truncated>
		<difficult>0</difficult>
		<bndbox>
			<xmin>110</xmin>
			<ymin>237</ymin>
			<xmax>487</xmax>
			<ymax>475</ymax>
		</bndbox>
	</object>
</annotation>
