<annotation>
	<folder></folder>
	<filename>IMG_8145_JPG.rf.e7ea20f4c3d1942decea97dc92153fb1.jpg</filename>
	<path>IMG_8145_JPG.rf.e7ea20f4c3d1942decea97dc92153fb1.jpg</path>
	<source>
		<database>roboflow.com</database>
	</source>
	<size>
		<width>640</width>
		<height>640</height>
		<depth>3</depth>
	</size>
	<segmented>0</segmented>
	<object>
		<name>Pen</name>
		<pose>Unspecified</pose>
		<truncated>0</truncated>
		<difficult>0</difficult>
		<occluded>0</occluded>
		<bndbox>
			<xmin>226</xmin>
			<xmax>472</xmax>
			<ymin>294</ymin>
			<ymax>586</ymax>
		</bndbox>
	</object>
</annotation>
