<annotation>
	<folder></folder>
	<filename>IMG_8203_JPG.rf.8bb019f38f72f3c6a1694f8e2548b7e1.jpg</filename>
	<path>IMG_8203_JPG.rf.8bb019f38f72f3c6a1694f8e2548b7e1.jpg</path>
	<source>
		<database>roboflow.com</database>
	</source>
	<size>
		<width>640</width>
		<height>640</height>
		<depth>3</depth>
	</size>
	<segmented>0</segmented>
	<object>
		<name>Book</name>
		<pose>Unspecified</pose>
		<truncated>0</truncated>
		<difficult>0</difficult>
		<occluded>0</occluded>
		<bndbox>
			<xmin>32</xmin>
			<xmax>496</xmax>
			<ymin>188</ymin>
			<ymax>624</ymax>
		</bndbox>
	</object>
</annotation>
