<annotation>
	<folder>train</folder>
	<filename>IMG_8052_JPG.rf.afcab8a95f0611388df21fe26352ad1c.jpg</filename>
	<path>D:\FinalProject\data\train\IMG_8052_JPG.rf.afcab8a95f0611388df21fe26352ad1c.jpg</path>
	<source>
		<database>Unknown</database>
	</source>
	<size>
		<width>640</width>
		<height>640</height>
		<depth>3</depth>
	</size>
	<segmented>0</segmented>
	<object>
		<name>Book</name>
		<pose>Unspecified</pose>
		<truncated>0</truncated>
		<difficult>0</difficult>
		<bndbox>
			<xmin>2</xmin>
			<ymin>27</ymin>
			<xmax>612</xmax>
			<ymax>615</ymax>
		</bndbox>
	</object>
</annotation>
