<annotation>
	<folder></folder>
	<filename>IMG_8173_JPG.rf.5f3a3bd93238b10cb0da77f1115454c3.jpg</filename>
	<path>IMG_8173_JPG.rf.5f3a3bd93238b10cb0da77f1115454c3.jpg</path>
	<source>
		<database>roboflow.com</database>
	</source>
	<size>
		<width>640</width>
		<height>640</height>
		<depth>3</depth>
	</size>
	<segmented>0</segmented>
	<object>
		<name>Pen</name>
		<pose>Unspecified</pose>
		<truncated>0</truncated>
		<difficult>0</difficult>
		<occluded>0</occluded>
		<bndbox>
			<xmin>244</xmin>
			<xmax>292</xmax>
			<ymin>133</ymin>
			<ymax>563</ymax>
		</bndbox>
	</object>
</annotation>
