<annotation>
	<folder></folder>
	<filename>IMG_8118_JPG.rf.4abe29caf78e35eb781d8a495be3bfca.jpg</filename>
	<path>IMG_8118_JPG.rf.4abe29caf78e35eb781d8a495be3bfca.jpg</path>
	<source>
		<database>roboflow.com</database>
	</source>
	<size>
		<width>640</width>
		<height>640</height>
		<depth>3</depth>
	</size>
	<segmented>0</segmented>
	<object>
		<name>Pen</name>
		<pose>Unspecified</pose>
		<truncated>0</truncated>
		<difficult>0</difficult>
		<occluded>0</occluded>
		<bndbox>
			<xmin>240</xmin>
			<xmax>312</xmax>
			<ymin>103</ymin>
			<ymax>565</ymax>
		</bndbox>
	</object>
</annotation>
