<annotation>
	<folder></folder>
	<filename>IMG_8099_JPG.rf.7a6fc696b4f900ad73a53571a8684c6e.jpg</filename>
	<path>IMG_8099_JPG.rf.7a6fc696b4f900ad73a53571a8684c6e.jpg</path>
	<source>
		<database>roboflow.com</database>
	</source>
	<size>
		<width>640</width>
		<height>640</height>
		<depth>3</depth>
	</size>
	<segmented>0</segmented>
	<object>
		<name>Pen</name>
		<pose>Unspecified</pose>
		<truncated>0</truncated>
		<difficult>0</difficult>
		<occluded>0</occluded>
		<bndbox>
			<xmin>270</xmin>
			<xmax>370</xmax>
			<ymin>43</ymin>
			<ymax>554</ymax>
		</bndbox>
	</object>
</annotation>
