<annotation>
	<folder></folder>
	<filename>IMG_8178_JPG.rf.088bfd1a6f0293e051aff1cc461b870e.jpg</filename>
	<path>IMG_8178_JPG.rf.088bfd1a6f0293e051aff1cc461b870e.jpg</path>
	<source>
		<database>roboflow.com</database>
	</source>
	<size>
		<width>640</width>
		<height>640</height>
		<depth>3</depth>
	</size>
	<segmented>0</segmented>
	<object>
		<name>Book</name>
		<pose>Unspecified</pose>
		<truncated>0</truncated>
		<difficult>0</difficult>
		<occluded>0</occluded>
		<bndbox>
			<xmin>485</xmin>
			<xmax>641</xmax>
			<ymin>1</ymin>
			<ymax>191</ymax>
		</bndbox>
	</object>
	<object>
		<name>Pen</name>
		<pose>Unspecified</pose>
		<truncated>0</truncated>
		<difficult>0</difficult>
		<occluded>0</occluded>
		<bndbox>
			<xmin>38</xmin>
			<xmax>496</xmax>
			<ymin>400</ymin>
			<ymax>462</ymax>
		</bndbox>
	</object>
</annotation>
