<annotation>
	<folder>valid</folder>
	<filename>IMG_8022_JPG.rf.a6b82c4c81629b95726d5b286ad9fd9f.jpg</filename>
	<path>D:\FinalProject\data\valid\IMG_8022_JPG.rf.a6b82c4c81629b95726d5b286ad9fd9f.jpg</path>
	<source>
		<database>Unknown</database>
	</source>
	<size>
		<width>640</width>
		<height>640</height>
		<depth>3</depth>
	</size>
	<segmented>0</segmented>
	<object>
		<name>Book</name>
		<pose>Unspecified</pose>
		<truncated>0</truncated>
		<difficult>0</difficult>
		<bndbox>
			<xmin>76</xmin>
			<ymin>86</ymin>
			<xmax>536</xmax>
			<ymax>603</ymax>
		</bndbox>
	</object>
</annotation>
