<annotation>
	<folder>train</folder>
	<filename>IMG_8021_JPG.rf.970e605bd2090175b31d4a13f7adeec0.jpg</filename>
	<path>D:\FinalProject\data\train\IMG_8021_JPG.rf.970e605bd2090175b31d4a13f7adeec0.jpg</path>
	<source>
		<database>Unknown</database>
	</source>
	<size>
		<width>640</width>
		<height>640</height>
		<depth>3</depth>
	</size>
	<segmented>0</segmented>
	<object>
		<name>Book</name>
		<pose>Unspecified</pose>
		<truncated>0</truncated>
		<difficult>0</difficult>
		<bndbox>
			<xmin>40</xmin>
			<ymin>87</ymin>
			<xmax>594</xmax>
			<ymax>632</ymax>
		</bndbox>
	</object>
</annotation>
