<annotation>
	<folder></folder>
	<filename>IMG_8199_JPG.rf.f5adea29dbedd62c18ef0472702d3c13.jpg</filename>
	<path>IMG_8199_JPG.rf.f5adea29dbedd62c18ef0472702d3c13.jpg</path>
	<source>
		<database>roboflow.com</database>
	</source>
	<size>
		<width>640</width>
		<height>640</height>
		<depth>3</depth>
	</size>
	<segmented>0</segmented>
	<object>
		<name>Book</name>
		<pose>Unspecified</pose>
		<truncated>0</truncated>
		<difficult>0</difficult>
		<occluded>0</occluded>
		<bndbox>
			<xmin>39</xmin>
			<xmax>603</xmax>
			<ymin>136</ymin>
			<ymax>557</ymax>
		</bndbox>
	</object>
</annotation>
