<annotation>
	<folder></folder>
	<filename>IMG_8213_JPG.rf.1da9441fd462464c5899f7966687bd60.jpg</filename>
	<path>IMG_8213_JPG.rf.1da9441fd462464c5899f7966687bd60.jpg</path>
	<source>
		<database>roboflow.com</database>
	</source>
	<size>
		<width>640</width>
		<height>640</height>
		<depth>3</depth>
	</size>
	<segmented>0</segmented>
	<object>
		<name>Book</name>
		<pose>Unspecified</pose>
		<truncated>0</truncated>
		<difficult>0</difficult>
		<occluded>0</occluded>
		<bndbox>
			<xmin>148</xmin>
			<xmax>505</xmax>
			<ymin>147</ymin>
			<ymax>529</ymax>
		</bndbox>
	</object>
</annotation>
