<annotation>
	<folder></folder>
	<filename>IMG_8182_JPG.rf.6f43b1ef66740d0f8b1017025e609914.jpg</filename>
	<path>IMG_8182_JPG.rf.6f43b1ef66740d0f8b1017025e609914.jpg</path>
	<source>
		<database>roboflow.com</database>
	</source>
	<size>
		<width>640</width>
		<height>640</height>
		<depth>3</depth>
	</size>
	<segmented>0</segmented>
	<object>
		<name>Book</name>
		<pose>Unspecified</pose>
		<truncated>0</truncated>
		<difficult>0</difficult>
		<occluded>0</occluded>
		<bndbox>
			<xmin>68</xmin>
			<xmax>572</xmax>
			<ymin>345</ymin>
			<ymax>640</ymax>
		</bndbox>
	</object>
	<object>
		<name>Book</name>
		<pose>Unspecified</pose>
		<truncated>0</truncated>
		<difficult>0</difficult>
		<occluded>0</occluded>
		<bndbox>
			<xmin>40</xmin>
			<xmax>566</xmax>
			<ymin>33</ymin>
			<ymax>322</ymax>
		</bndbox>
	</object>
</annotation>
