<annotation>
	<folder></folder>
	<filename>IMG_8197_JPG.rf.8ed72ba0f0e5a035ab130c13d75a7c65.jpg</filename>
	<path>IMG_8197_JPG.rf.8ed72ba0f0e5a035ab130c13d75a7c65.jpg</path>
	<source>
		<database>roboflow.com</database>
	</source>
	<size>
		<width>640</width>
		<height>640</height>
		<depth>3</depth>
	</size>
	<segmented>0</segmented>
	<object>
		<name>Book</name>
		<pose>Unspecified</pose>
		<truncated>0</truncated>
		<difficult>0</difficult>
		<occluded>0</occluded>
		<bndbox>
			<xmin>2</xmin>
			<xmax>637</xmax>
			<ymin>97</ymin>
			<ymax>611</ymax>
		</bndbox>
	</object>
</annotation>
