<annotation>
	<folder>train</folder>
	<filename>IMG_7903_JPG.rf.808454d8e21678bd0e1f97f80edb7e5b.jpg</filename>
	<path>D:\FinalProject\data\train\IMG_7903_JPG.rf.808454d8e21678bd0e1f97f80edb7e5b.jpg</path>
	<source>
		<database>Unknown</database>
	</source>
	<size>
		<width>640</width>
		<height>640</height>
		<depth>3</depth>
	</size>
	<segmented>0</segmented>
	<object>
		<name>Card</name>
		<pose>Unspecified</pose>
		<truncated>0</truncated>
		<difficult>0</difficult>
		<bndbox>
			<xmin>164</xmin>
			<ymin>205</ymin>
			<xmax>474</xmax>
			<ymax>509</ymax>
		</bndbox>
	</object>
</annotation>
