<annotation>
	<folder></folder>
	<filename>IMG_8136_JPG.rf.994fe59f2d164d918cbcc88bbb9107ef.jpg</filename>
	<path>IMG_8136_JPG.rf.994fe59f2d164d918cbcc88bbb9107ef.jpg</path>
	<source>
		<database>roboflow.com</database>
	</source>
	<size>
		<width>640</width>
		<height>640</height>
		<depth>3</depth>
	</size>
	<segmented>0</segmented>
	<object>
		<name>Pen</name>
		<pose>Unspecified</pose>
		<truncated>0</truncated>
		<difficult>0</difficult>
		<occluded>0</occluded>
		<bndbox>
			<xmin>37</xmin>
			<xmax>440</xmax>
			<ymin>433</ymin>
			<ymax>472</ymax>
		</bndbox>
	</object>
</annotation>
