<annotation>
	<folder>valid</folder>
	<filename>IMG_7994_JPG.rf.19b4e828995e1dae64b6a13c50751348.jpg</filename>
	<path>D:\FinalProject\data\valid\IMG_7994_JPG.rf.19b4e828995e1dae64b6a13c50751348.jpg</path>
	<source>
		<database>Unknown</database>
	</source>
	<size>
		<width>640</width>
		<height>640</height>
		<depth>3</depth>
	</size>
	<segmented>0</segmented>
	<object>
		<name>Card</name>
		<pose>Unspecified</pose>
		<truncated>0</truncated>
		<difficult>0</difficult>
		<bndbox>
			<xmin>29</xmin>
			<ymin>253</ymin>
			<xmax>379</xmax>
			<ymax>542</ymax>
		</bndbox>
	</object>
</annotation>
