<annotation>
	<folder></folder>
	<filename>IMG_8230_JPG.rf.3852c5059238503376646105546654c4.jpg</filename>
	<path>IMG_8230_JPG.rf.3852c5059238503376646105546654c4.jpg</path>
	<source>
		<database>roboflow.com</database>
	</source>
	<size>
		<width>640</width>
		<height>640</height>
		<depth>3</depth>
	</size>
	<segmented>0</segmented>
	<object>
		<name>Book</name>
		<pose>Unspecified</pose>
		<truncated>0</truncated>
		<difficult>0</difficult>
		<occluded>0</occluded>
		<bndbox>
			<xmin>2</xmin>
			<xmax>558</xmax>
			<ymin>82</ymin>
			<ymax>535</ymax>
		</bndbox>
	</object>
</annotation>
