<annotation>
	<folder></folder>
	<filename>IMG_8185_JPG.rf.9e16b978cfd6eae71e517a6db016e882.jpg</filename>
	<path>IMG_8185_JPG.rf.9e16b978cfd6eae71e517a6db016e882.jpg</path>
	<source>
		<database>roboflow.com</database>
	</source>
	<size>
		<width>640</width>
		<height>640</height>
		<depth>3</depth>
	</size>
	<segmented>0</segmented>
	<object>
		<name>Book</name>
		<pose>Unspecified</pose>
		<truncated>0</truncated>
		<difficult>0</difficult>
		<occluded>0</occluded>
		<bndbox>
			<xmin>106</xmin>
			<xmax>535</xmax>
			<ymin>72</ymin>
			<ymax>505</ymax>
		</bndbox>
	</object>
	<object>
		<name>Book</name>
		<pose>Unspecified</pose>
		<truncated>0</truncated>
		<difficult>0</difficult>
		<occluded>0</occluded>
		<bndbox>
			<xmin>1</xmin>
			<xmax>262</xmax>
			<ymin>1</ymin>
			<ymax>142</ymax>
		</bndbox>
	</object>
</annotation>
