<annotation>
	<folder>train</folder>
	<filename>IMG_8062_JPG.rf.74e6168cd58ec45d816e452556616594.jpg</filename>
	<path>D:\FinalProject\data\train\IMG_8062_JPG.rf.74e6168cd58ec45d816e452556616594.jpg</path>
	<source>
		<database>Unknown</database>
	</source>
	<size>
		<width>640</width>
		<height>640</height>
		<depth>3</depth>
	</size>
	<segmented>0</segmented>
	<object>
		<name>Book</name>
		<pose>Unspecified</pose>
		<truncated>1</truncated>
		<difficult>0</difficult>
		<bndbox>
			<xmin>1</xmin>
			<ymin>13</ymin>
			<xmax>576</xmax>
			<ymax>575</ymax>
		</bndbox>
	</object>
</annotation>
