<annotation>
	<folder>train</folder>
	<filename>IMG_7914_JPG.rf.8a6505f7e8601aaedf4547e67fe6c1ba.jpg</filename>
	<path>D:\FinalProject\data\train\IMG_7914_JPG.rf.8a6505f7e8601aaedf4547e67fe6c1ba.jpg</path>
	<source>
		<database>Unknown</database>
	</source>
	<size>
		<width>640</width>
		<height>640</height>
		<depth>3</depth>
	</size>
	<segmented>0</segmented>
	<object>
		<name>Card</name>
		<pose>Unspecified</pose>
		<truncated>0</truncated>
		<difficult>0</difficult>
		<bndbox>
			<xmin>138</xmin>
			<ymin>190</ymin>
			<xmax>516</xmax>
			<ymax>567</ymax>
		</bndbox>
	</object>
</annotation>
