<annotation>
	<folder>train</folder>
	<filename>IMG_7963_JPG.rf.8370267ccc09ca925807a6eb81ba47eb.jpg</filename>
	<path>D:\FinalProject\data\train\IMG_7963_JPG.rf.8370267ccc09ca925807a6eb81ba47eb.jpg</path>
	<source>
		<database>Unknown</database>
	</source>
	<size>
		<width>640</width>
		<height>640</height>
		<depth>3</depth>
	</size>
	<segmented>0</segmented>
	<object>
		<name>Card</name>
		<pose>Unspecified</pose>
		<truncated>0</truncated>
		<difficult>0</difficult>
		<bndbox>
			<xmin>205</xmin>
			<ymin>268</ymin>
			<xmax>599</xmax>
			<ymax>627</ymax>
		</bndbox>
	</object>
</annotation>
