<annotation>
	<folder>test</folder>
	<filename>IMG_7985_JPG.rf.cf2a0cecd5170a534db5729d028fd137.jpg</filename>
	<path>D:\FinalProject\data\test\IMG_7985_JPG.rf.cf2a0cecd5170a534db5729d028fd137.jpg</path>
	<source>
		<database>Unknown</database>
	</source>
	<size>
		<width>640</width>
		<height>640</height>
		<depth>3</depth>
	</size>
	<segmented>0</segmented>
	<object>
		<name>Card</name>
		<pose>Unspecified</pose>
		<truncated>0</truncated>
		<difficult>0</difficult>
		<bndbox>
			<xmin>283</xmin>
			<ymin>389</ymin>
			<xmax>472</xmax>
			<ymax>553</ymax>
		</bndbox>
	</object>
</annotation>
