<annotation>
	<folder></folder>
	<filename>IMG_8196_JPG.rf.d13fd82f683fef3493c6efd8cb3c638d.jpg</filename>
	<path>IMG_8196_JPG.rf.d13fd82f683fef3493c6efd8cb3c638d.jpg</path>
	<source>
		<database>roboflow.com</database>
	</source>
	<size>
		<width>640</width>
		<height>640</height>
		<depth>3</depth>
	</size>
	<segmented>0</segmented>
	<object>
		<name>Book</name>
		<pose>Unspecified</pose>
		<truncated>0</truncated>
		<difficult>0</difficult>
		<occluded>0</occluded>
		<bndbox>
			<xmin>4</xmin>
			<xmax>617</xmax>
			<ymin>76</ymin>
			<ymax>543</ymax>
		</bndbox>
	</object>
</annotation>
