<annotation>
	<folder></folder>
	<filename>IMG_8127_JPG.rf.294b4ab90ab77475365f29d18252ab04.jpg</filename>
	<path>IMG_8127_JPG.rf.294b4ab90ab77475365f29d18252ab04.jpg</path>
	<source>
		<database>roboflow.com</database>
	</source>
	<size>
		<width>640</width>
		<height>640</height>
		<depth>3</depth>
	</size>
	<segmented>0</segmented>
	<object>
		<name>Pen</name>
		<pose>Unspecified</pose>
		<truncated>0</truncated>
		<difficult>0</difficult>
		<occluded>0</occluded>
		<bndbox>
			<xmin>138</xmin>
			<xmax>368</xmax>
			<ymin>157</ymin>
			<ymax>542</ymax>
		</bndbox>
	</object>
</annotation>
