<annotation>
	<folder>train</folder>
	<filename>IMG_7962_JPG.rf.d6d95b7e669c2c4ee63d7f3f9fbb236b.jpg</filename>
	<path>D:\FinalProject\data\train\IMG_7962_JPG.rf.d6d95b7e669c2c4ee63d7f3f9fbb236b.jpg</path>
	<source>
		<database>Unknown</database>
	</source>
	<size>
		<width>640</width>
		<height>640</height>
		<depth>3</depth>
	</size>
	<segmented>0</segmented>
	<object>
		<name>Card</name>
		<pose>Unspecified</pose>
		<truncated>0</truncated>
		<difficult>0</difficult>
		<bndbox>
			<xmin>183</xmin>
			<ymin>352</ymin>
			<xmax>462</xmax>
			<ymax>621</ymax>
		</bndbox>
	</object>
</annotation>
