<annotation>
	<folder>train</folder>
	<filename>IMG_7998_JPG.rf.2f71f61a021cf0f1444c1fffbdde718b.jpg</filename>
	<path>D:\FinalProject\data\train\IMG_7998_JPG.rf.2f71f61a021cf0f1444c1fffbdde718b.jpg</path>
	<source>
		<database>Unknown</database>
	</source>
	<size>
		<width>640</width>
		<height>640</height>
		<depth>3</depth>
	</size>
	<segmented>0</segmented>
	<object>
		<name>Card</name>
		<pose>Unspecified</pose>
		<truncated>0</truncated>
		<difficult>0</difficult>
		<bndbox>
			<xmin>298</xmin>
			<ymin>198</ymin>
			<xmax>593</xmax>
			<ymax>464</ymax>
		</bndbox>
	</object>
</annotation>
