<annotation>
	<folder></folder>
	<filename>IMG_8069_JPG.rf.fd2ff1e95b81ccb9ea74be57ec561354.jpg</filename>
	<path>IMG_8069_JPG.rf.fd2ff1e95b81ccb9ea74be57ec561354.jpg</path>
	<source>
		<database>roboflow.com</database>
	</source>
	<size>
		<width>640</width>
		<height>640</height>
		<depth>3</depth>
	</size>
	<segmented>0</segmented>
	<object>
		<name>Pen</name>
		<pose>Unspecified</pose>
		<truncated>0</truncated>
		<difficult>0</difficult>
		<occluded>0</occluded>
		<bndbox>
			<xmin>277</xmin>
			<xmax>405</xmax>
			<ymin>108</ymin>
			<ymax>571</ymax>
		</bndbox>
	</object>
</annotation>
