<annotation>
	<folder>train</folder>
	<filename>IMG_8044_JPG.rf.33a5ce20408bfe2e6f0e3823d898e8c2.jpg</filename>
	<path>D:\FinalProject\data\train\IMG_8044_JPG.rf.33a5ce20408bfe2e6f0e3823d898e8c2.jpg</path>
	<source>
		<database>Unknown</database>
	</source>
	<size>
		<width>640</width>
		<height>640</height>
		<depth>3</depth>
	</size>
	<segmented>0</segmented>
	<object>
		<name>Book</name>
		<pose>Unspecified</pose>
		<truncated>0</truncated>
		<difficult>0</difficult>
		<bndbox>
			<xmin>54</xmin>
			<ymin>35</ymin>
			<xmax>573</xmax>
			<ymax>588</ymax>
		</bndbox>
	</object>
</annotation>
