<annotation>
	<folder>train</folder>
	<filename>IMG_7950_JPG.rf.5f31bee56dce0428ab9a78309e9d8698.jpg</filename>
	<path>D:\FinalProject\data\train\IMG_7950_JPG.rf.5f31bee56dce0428ab9a78309e9d8698.jpg</path>
	<source>
		<database>Unknown</database>
	</source>
	<size>
		<width>640</width>
		<height>640</height>
		<depth>3</depth>
	</size>
	<segmented>0</segmented>
	<object>
		<name>Card</name>
		<pose>Unspecified</pose>
		<truncated>0</truncated>
		<difficult>0</difficult>
		<bndbox>
			<xmin>179</xmin>
			<ymin>244</ymin>
			<xmax>392</xmax>
			<ymax>475</ymax>
		</bndbox>
	</object>
</annotation>
