<annotation>
	<folder></folder>
	<filename>IMG_8237_JPG.rf.aa7568cd4319944c4907a36bfcba43ad.jpg</filename>
	<path>IMG_8237_JPG.rf.aa7568cd4319944c4907a36bfcba43ad.jpg</path>
	<source>
		<database>roboflow.com</database>
	</source>
	<size>
		<width>640</width>
		<height>640</height>
		<depth>3</depth>
	</size>
	<segmented>0</segmented>
	<object>
		<name>Book</name>
		<pose>Unspecified</pose>
		<truncated>0</truncated>
		<difficult>0</difficult>
		<occluded>0</occluded>
		<bndbox>
			<xmin>461</xmin>
			<xmax>640</xmax>
			<ymin>471</ymin>
			<ymax>641</ymax>
		</bndbox>
	</object>
	<object>
		<name>Book</name>
		<pose>Unspecified</pose>
		<truncated>0</truncated>
		<difficult>0</difficult>
		<occluded>0</occluded>
		<bndbox>
			<xmin>526</xmin>
			<xmax>641</xmax>
			<ymin>416</ymin>
			<ymax>617</ymax>
		</bndbox>
	</object>
	<object>
		<name>Book</name>
		<pose>Unspecified</pose>
		<truncated>0</truncated>
		<difficult>0</difficult>
		<occluded>0</occluded>
		<bndbox>
			<xmin>251</xmin>
			<xmax>617</xmax>
			<ymin>162</ymin>
			<ymax>434</ymax>
		</bndbox>
	</object>
</annotation>
