<annotation>
	<folder></folder>
	<filename>IMG_8149_JPG.rf.934ee8d218479857242a1802299a7c97.jpg</filename>
	<path>IMG_8149_JPG.rf.934ee8d218479857242a1802299a7c97.jpg</path>
	<source>
		<database>roboflow.com</database>
	</source>
	<size>
		<width>640</width>
		<height>640</height>
		<depth>3</depth>
	</size>
	<segmented>0</segmented>
	<object>
		<name>Pen</name>
		<pose>Unspecified</pose>
		<truncated>0</truncated>
		<difficult>0</difficult>
		<occluded>0</occluded>
		<bndbox>
			<xmin>97</xmin>
			<xmax>435</xmax>
			<ymin>182</ymin>
			<ymax>578</ymax>
		</bndbox>
	</object>
</annotation>
