<annotation>
	<folder></folder>
	<filename>IMG_8198_JPG.rf.1b8ed8df1ce28c2b406280fb73573f5d.jpg</filename>
	<path>IMG_8198_JPG.rf.1b8ed8df1ce28c2b406280fb73573f5d.jpg</path>
	<source>
		<database>roboflow.com</database>
	</source>
	<size>
		<width>640</width>
		<height>640</height>
		<depth>3</depth>
	</size>
	<segmented>0</segmented>
	<object>
		<name>Book</name>
		<pose>Unspecified</pose>
		<truncated>0</truncated>
		<difficult>0</difficult>
		<occluded>0</occluded>
		<bndbox>
			<xmin>2</xmin>
			<xmax>633</xmax>
			<ymin>138</ymin>
			<ymax>640</ymax>
		</bndbox>
	</object>
</annotation>
