<annotation>
	<folder>valid</folder>
	<filename>IMG_7916_JPG.rf.fc293a7be86e89eb970854cea085b339.jpg</filename>
	<path>D:\FinalProject\data\valid\IMG_7916_JPG.rf.fc293a7be86e89eb970854cea085b339.jpg</path>
	<source>
		<database>Unknown</database>
	</source>
	<size>
		<width>640</width>
		<height>640</height>
		<depth>3</depth>
	</size>
	<segmented>0</segmented>
	<object>
		<name>Card</name>
		<pose>Unspecified</pose>
		<truncated>0</truncated>
		<difficult>0</difficult>
		<bndbox>
			<xmin>147</xmin>
			<ymin>225</ymin>
			<xmax>426</xmax>
			<ymax>496</ymax>
		</bndbox>
	</object>
</annotation>
