<annotation>
	<folder></folder>
	<filename>IMG_8107_JPG.rf.f33e1a1a55c07d9bcec38893625a1550.jpg</filename>
	<path>IMG_8107_JPG.rf.f33e1a1a55c07d9bcec38893625a1550.jpg</path>
	<source>
		<database>roboflow.com</database>
	</source>
	<size>
		<width>640</width>
		<height>640</height>
		<depth>3</depth>
	</size>
	<segmented>0</segmented>
	<object>
		<name>Pen</name>
		<pose>Unspecified</pose>
		<truncated>0</truncated>
		<difficult>0</difficult>
		<occluded>0</occluded>
		<bndbox>
			<xmin>249</xmin>
			<xmax>313</xmax>
			<ymin>119</ymin>
			<ymax>514</ymax>
		</bndbox>
	</object>
</annotation>
