<annotation>
	<folder></folder>
	<filename>IMG_8074_JPG.rf.c1046544336e8cf026153efec12cb4f3.jpg</filename>
	<path>IMG_8074_JPG.rf.c1046544336e8cf026153efec12cb4f3.jpg</path>
	<source>
		<database>roboflow.com</database>
	</source>
	<size>
		<width>640</width>
		<height>640</height>
		<depth>3</depth>
	</size>
	<segmented>0</segmented>
	<object>
		<name>Pen</name>
		<pose>Unspecified</pose>
		<truncated>0</truncated>
		<difficult>0</difficult>
		<occluded>0</occluded>
		<bndbox>
			<xmin>271</xmin>
			<xmax>322</xmax>
			<ymin>90</ymin>
			<ymax>522</ymax>
		</bndbox>
	</object>
</annotation>
