<annotation>
	<folder>train</folder>
	<filename>IMG_7927_JPG.rf.a6219f5eebdd75889e371113b1f0dd5b.jpg</filename>
	<path>D:\FinalProject\data\train\IMG_7927_JPG.rf.a6219f5eebdd75889e371113b1f0dd5b.jpg</path>
	<source>
		<database>Unknown</database>
	</source>
	<size>
		<width>640</width>
		<height>640</height>
		<depth>3</depth>
	</size>
	<segmented>0</segmented>
	<object>
		<name>Card</name>
		<pose>Unspecified</pose>
		<truncated>0</truncated>
		<difficult>0</difficult>
		<bndbox>
			<xmin>226</xmin>
			<ymin>286</ymin>
			<xmax>454</xmax>
			<ymax>535</ymax>
		</bndbox>
	</object>
</annotation>
