<annotation>
	<folder></folder>
	<filename>IMG_8172_JPG.rf.60e67cfb93b9abae45f1b086aaca65c9.jpg</filename>
	<path>IMG_8172_JPG.rf.60e67cfb93b9abae45f1b086aaca65c9.jpg</path>
	<source>
		<database>roboflow.com</database>
	</source>
	<size>
		<width>640</width>
		<height>640</height>
		<depth>3</depth>
	</size>
	<segmented>0</segmented>
	<object>
		<name>Pen</name>
		<pose>Unspecified</pose>
		<truncated>0</truncated>
		<difficult>0</difficult>
		<occluded>0</occluded>
		<bndbox>
			<xmin>232</xmin>
			<xmax>333</xmax>
			<ymin>124</ymin>
			<ymax>570</ymax>
		</bndbox>
	</object>
</annotation>
