<annotation>
	<folder></folder>
	<filename>IMG_8166_JPG.rf.8d91ca1314e51d8014db63b991ad502f.jpg</filename>
	<path>IMG_8166_JPG.rf.8d91ca1314e51d8014db63b991ad502f.jpg</path>
	<source>
		<database>roboflow.com</database>
	</source>
	<size>
		<width>640</width>
		<height>640</height>
		<depth>3</depth>
	</size>
	<segmented>0</segmented>
	<object>
		<name>Pen</name>
		<pose>Unspecified</pose>
		<truncated>0</truncated>
		<difficult>0</difficult>
		<occluded>0</occluded>
		<bndbox>
			<xmin>244</xmin>
			<xmax>311</xmax>
			<ymin>116</ymin>
			<ymax>545</ymax>
		</bndbox>
	</object>
</annotation>
