<annotation>
	<folder></folder>
	<filename>IMG_8091_JPG.rf.123794dac5a8a60eabb4782c38f15415.jpg</filename>
	<path>IMG_8091_JPG.rf.123794dac5a8a60eabb4782c38f15415.jpg</path>
	<source>
		<database>roboflow.com</database>
	</source>
	<size>
		<width>640</width>
		<height>640</height>
		<depth>3</depth>
	</size>
	<segmented>0</segmented>
	<object>
		<name>Pen</name>
		<pose>Unspecified</pose>
		<truncated>0</truncated>
		<difficult>0</difficult>
		<occluded>0</occluded>
		<bndbox>
			<xmin>265</xmin>
			<xmax>329</xmax>
			<ymin>87</ymin>
			<ymax>583</ymax>
		</bndbox>
	</object>
</annotation>
