<annotation>
	<folder>train</folder>
	<filename>IMG_8026_JPG.rf.1f026b5e9dbe597a201dd44af3e29601.jpg</filename>
	<path>D:\FinalProject\data\train\IMG_8026_JPG.rf.1f026b5e9dbe597a201dd44af3e29601.jpg</path>
	<source>
		<database>Unknown</database>
	</source>
	<size>
		<width>640</width>
		<height>640</height>
		<depth>3</depth>
	</size>
	<segmented>0</segmented>
	<object>
		<name>Book</name>
		<pose>Unspecified</pose>
		<truncated>0</truncated>
		<difficult>0</difficult>
		<bndbox>
			<xmin>112</xmin>
			<ymin>166</ymin>
			<xmax>512</xmax>
			<ymax>589</ymax>
		</bndbox>
	</object>
</annotation>
