<annotation>
	<folder></folder>
	<filename>IMG_8100_JPG.rf.e3658ee293eb974906ca4002d08a0942.jpg</filename>
	<path>IMG_8100_JPG.rf.e3658ee293eb974906ca4002d08a0942.jpg</path>
	<source>
		<database>roboflow.com</database>
	</source>
	<size>
		<width>640</width>
		<height>640</height>
		<depth>3</depth>
	</size>
	<segmented>0</segmented>
	<object>
		<name>Pen</name>
		<pose>Unspecified</pose>
		<truncated>0</truncated>
		<difficult>0</difficult>
		<occluded>0</occluded>
		<bndbox>
			<xmin>247</xmin>
			<xmax>347</xmax>
			<ymin>102</ymin>
			<ymax>561</ymax>
		</bndbox>
	</object>
</annotation>
