<annotation>
	<folder>train</folder>
	<filename>IMG_7932_JPG.rf.e81a49cd0dec15155912a39785b596a5.jpg</filename>
	<path>D:\FinalProject\data\train\IMG_7932_JPG.rf.e81a49cd0dec15155912a39785b596a5.jpg</path>
	<source>
		<database>Unknown</database>
	</source>
	<size>
		<width>640</width>
		<height>640</height>
		<depth>3</depth>
	</size>
	<segmented>0</segmented>
	<object>
		<name>Card</name>
		<pose>Unspecified</pose>
		<truncated>0</truncated>
		<difficult>0</difficult>
		<bndbox>
			<xmin>166</xmin>
			<ymin>189</ymin>
			<xmax>444</xmax>
			<ymax>423</ymax>
		</bndbox>
	</object>
</annotation>
