<annotation>
	<folder>train</folder>
	<filename>IMG_7969_JPG.rf.5440030f8f2e97899044c97964aad638.jpg</filename>
	<path>D:\FinalProject\data\train\IMG_7969_JPG.rf.5440030f8f2e97899044c97964aad638.jpg</path>
	<source>
		<database>Unknown</database>
	</source>
	<size>
		<width>640</width>
		<height>640</height>
		<depth>3</depth>
	</size>
	<segmented>0</segmented>
	<object>
		<name>Card</name>
		<pose>Unspecified</pose>
		<truncated>0</truncated>
		<difficult>0</difficult>
		<bndbox>
			<xmin>81</xmin>
			<ymin>175</ymin>
			<xmax>515</xmax>
			<ymax>431</ymax>
		</bndbox>
	</object>
</annotation>
