<annotation>
	<folder>train</folder>
	<filename>IMG_7924_JPG.rf.ff8f432dd653c86a70991459f6509d02.jpg</filename>
	<path>D:\FinalProject\data\train\IMG_7924_JPG.rf.ff8f432dd653c86a70991459f6509d02.jpg</path>
	<source>
		<database>Unknown</database>
	</source>
	<size>
		<width>640</width>
		<height>640</height>
		<depth>3</depth>
	</size>
	<segmented>0</segmented>
	<object>
		<name>Card</name>
		<pose>Unspecified</pose>
		<truncated>0</truncated>
		<difficult>0</difficult>
		<bndbox>
			<xmin>159</xmin>
			<ymin>195</ymin>
			<xmax>436</xmax>
			<ymax>472</ymax>
		</bndbox>
	</object>
</annotation>
