<annotation>
	<folder></folder>
	<filename>IMG_8152_JPG.rf.329b19c1733a89401646f736cc7cc181.jpg</filename>
	<path>IMG_8152_JPG.rf.329b19c1733a89401646f736cc7cc181.jpg</path>
	<source>
		<database>roboflow.com</database>
	</source>
	<size>
		<width>640</width>
		<height>640</height>
		<depth>3</depth>
	</size>
	<segmented>0</segmented>
	<object>
		<name>Pen</name>
		<pose>Unspecified</pose>
		<truncated>0</truncated>
		<difficult>0</difficult>
		<occluded>0</occluded>
		<bndbox>
			<xmin>198</xmin>
			<xmax>434</xmax>
			<ymin>334</ymin>
			<ymax>503</ymax>
		</bndbox>
	</object>
</annotation>
