<annotation>
	<folder>valid</folder>
	<filename>IMG_7976_JPG.rf.8095625883598b03a0773f891f89353c.jpg</filename>
	<path>D:\FinalProject\data\valid\IMG_7976_JPG.rf.8095625883598b03a0773f891f89353c.jpg</path>
	<source>
		<database>Unknown</database>
	</source>
	<size>
		<width>640</width>
		<height>640</height>
		<depth>3</depth>
	</size>
	<segmented>0</segmented>
	<object>
		<name>Card</name>
		<pose>Unspecified</pose>
		<truncated>0</truncated>
		<difficult>0</difficult>
		<bndbox>
			<xmin>238</xmin>
			<ymin>377</ymin>
			<xmax>390</xmax>
			<ymax>521</ymax>
		</bndbox>
	</object>
</annotation>
