<annotation>
	<folder></folder>
	<filename>IMG_8130_JPG.rf.29816b3101eb00be898fd373a5b7c2b7.jpg</filename>
	<path>IMG_8130_JPG.rf.29816b3101eb00be898fd373a5b7c2b7.jpg</path>
	<source>
		<database>roboflow.com</database>
	</source>
	<size>
		<width>640</width>
		<height>640</height>
		<depth>3</depth>
	</size>
	<segmented>0</segmented>
	<object>
		<name>Book</name>
		<pose>Unspecified</pose>
		<truncated>0</truncated>
		<difficult>0</difficult>
		<occluded>0</occluded>
		<bndbox>
			<xmin>108</xmin>
			<xmax>489</xmax>
			<ymin>13</ymin>
			<ymax>215</ymax>
		</bndbox>
	</object>
	<object>
		<name>Pen</name>
		<pose>Unspecified</pose>
		<truncated>0</truncated>
		<difficult>0</difficult>
		<occluded>0</occluded>
		<bndbox>
			<xmin>187</xmin>
			<xmax>425</xmax>
			<ymin>296</ymin>
			<ymax>324</ymax>
		</bndbox>
	</object>
</annotation>
