<annotation>
	<folder></folder>
	<filename>IMG_8191_JPG.rf.ec73e40edc24fc1ec19ed580b5661f37.jpg</filename>
	<path>IMG_8191_JPG.rf.ec73e40edc24fc1ec19ed580b5661f37.jpg</path>
	<source>
		<database>roboflow.com</database>
	</source>
	<size>
		<width>640</width>
		<height>640</height>
		<depth>3</depth>
	</size>
	<segmented>0</segmented>
	<object>
		<name>Book</name>
		<pose>Unspecified</pose>
		<truncated>0</truncated>
		<difficult>0</difficult>
		<occluded>0</occluded>
		<bndbox>
			<xmin>2</xmin>
			<xmax>531</xmax>
			<ymin>152</ymin>
			<ymax>616</ymax>
		</bndbox>
	</object>
</annotation>
