<annotation>
	<folder>train</folder>
	<filename>IMG_7952_JPG.rf.ab7b31022020c892c231904bea2fb18f.jpg</filename>
	<path>D:\FinalProject\data\train\IMG_7952_JPG.rf.ab7b31022020c892c231904bea2fb18f.jpg</path>
	<source>
		<database>Unknown</database>
	</source>
	<size>
		<width>640</width>
		<height>640</height>
		<depth>3</depth>
	</size>
	<segmented>0</segmented>
	<object>
		<name>Card</name>
		<pose>Unspecified</pose>
		<truncated>0</truncated>
		<difficult>0</difficult>
		<bndbox>
			<xmin>202</xmin>
			<ymin>167</ymin>
			<xmax>430</xmax>
			<ymax>386</ymax>
		</bndbox>
	</object>
</annotation>
