<annotation>
	<folder>valid</folder>
	<filename>IMG_7986_JPG.rf.b7354376df5a5db460ef2406375b3123.jpg</filename>
	<path>D:\FinalProject\data\valid\IMG_7986_JPG.rf.b7354376df5a5db460ef2406375b3123.jpg</path>
	<source>
		<database>Unknown</database>
	</source>
	<size>
		<width>640</width>
		<height>640</height>
		<depth>3</depth>
	</size>
	<segmented>0</segmented>
	<object>
		<name>Card</name>
		<pose>Unspecified</pose>
		<truncated>0</truncated>
		<difficult>0</difficult>
		<bndbox>
			<xmin>208</xmin>
			<ymin>277</ymin>
			<xmax>402</xmax>
			<ymax>471</ymax>
		</bndbox>
	</object>
</annotation>
