<annotation>
	<folder></folder>
	<filename>IMG_8071_JPG.rf.72639b784679044527583121010562a2.jpg</filename>
	<path>IMG_8071_JPG.rf.72639b784679044527583121010562a2.jpg</path>
	<source>
		<database>roboflow.com</database>
	</source>
	<size>
		<width>640</width>
		<height>640</height>
		<depth>3</depth>
	</size>
	<segmented>0</segmented>
	<object>
		<name>Pen</name>
		<pose>Unspecified</pose>
		<truncated>0</truncated>
		<difficult>0</difficult>
		<occluded>0</occluded>
		<bndbox>
			<xmin>301</xmin>
			<xmax>399</xmax>
			<ymin>153</ymin>
			<ymax>532</ymax>
		</bndbox>
	</object>
</annotation>
