<annotation>
	<folder></folder>
	<filename>IMG_8129_JPG.rf.01bb73dadcbfedadd373e667f762fd51.jpg</filename>
	<path>IMG_8129_JPG.rf.01bb73dadcbfedadd373e667f762fd51.jpg</path>
	<source>
		<database>roboflow.com</database>
	</source>
	<size>
		<width>640</width>
		<height>640</height>
		<depth>3</depth>
	</size>
	<segmented>0</segmented>
	<object>
		<name>Book</name>
		<pose>Unspecified</pose>
		<truncated>0</truncated>
		<difficult>0</difficult>
		<occluded>0</occluded>
		<bndbox>
			<xmin>152</xmin>
			<xmax>495</xmax>
			<ymin>31</ymin>
			<ymax>217</ymax>
		</bndbox>
	</object>
	<object>
		<name>Pen</name>
		<pose>Unspecified</pose>
		<truncated>0</truncated>
		<difficult>0</difficult>
		<occluded>0</occluded>
		<bndbox>
			<xmin>139</xmin>
			<xmax>400</xmax>
			<ymin>294</ymin>
			<ymax>318</ymax>
		</bndbox>
	</object>
</annotation>
