<annotation>
	<folder>train</folder>
	<filename>IMG_7949_JPG.rf.4c03bdd59855b989db91dea281e60cf6.jpg</filename>
	<path>D:\FinalProject\data\train\IMG_7949_JPG.rf.4c03bdd59855b989db91dea281e60cf6.jpg</path>
	<source>
		<database>Unknown</database>
	</source>
	<size>
		<width>640</width>
		<height>640</height>
		<depth>3</depth>
	</size>
	<segmented>0</segmented>
	<object>
		<name>Card</name>
		<pose>Unspecified</pose>
		<truncated>0</truncated>
		<difficult>0</difficult>
		<bndbox>
			<xmin>212</xmin>
			<ymin>355</ymin>
			<xmax>428</xmax>
			<ymax>578</ymax>
		</bndbox>
	</object>
</annotation>
