<annotation>
	<folder></folder>
	<filename>IMG_8141_JPG.rf.e6cfc41a8885185299a8f32f846d0c16.jpg</filename>
	<path>IMG_8141_JPG.rf.e6cfc41a8885185299a8f32f846d0c16.jpg</path>
	<source>
		<database>roboflow.com</database>
	</source>
	<size>
		<width>640</width>
		<height>640</height>
		<depth>3</depth>
	</size>
	<segmented>0</segmented>
	<object>
		<name>Pen</name>
		<pose>Unspecified</pose>
		<truncated>0</truncated>
		<difficult>0</difficult>
		<occluded>0</occluded>
		<bndbox>
			<xmin>264</xmin>
			<xmax>432</xmax>
			<ymin>314</ymin>
			<ymax>638</ymax>
		</bndbox>
	</object>
</annotation>
