<annotation>
	<folder></folder>
	<filename>IMG_8216_JPG.rf.037ef0628e2d0f3ade028db9745d7b33.jpg</filename>
	<path>IMG_8216_JPG.rf.037ef0628e2d0f3ade028db9745d7b33.jpg</path>
	<source>
		<database>roboflow.com</database>
	</source>
	<size>
		<width>640</width>
		<height>640</height>
		<depth>3</depth>
	</size>
	<segmented>0</segmented>
	<object>
		<name>Book</name>
		<pose>Unspecified</pose>
		<truncated>0</truncated>
		<difficult>0</difficult>
		<occluded>0</occluded>
		<bndbox>
			<xmin>12</xmin>
			<xmax>641</xmax>
			<ymin>92</ymin>
			<ymax>569</ymax>
		</bndbox>
	</object>
</annotation>
