<annotation>
	<folder></folder>
	<filename>IMG_8095_JPG.rf.714a6e5210703caa5a73e5b705bd6a61.jpg</filename>
	<path>IMG_8095_JPG.rf.714a6e5210703caa5a73e5b705bd6a61.jpg</path>
	<source>
		<database>roboflow.com</database>
	</source>
	<size>
		<width>640</width>
		<height>640</height>
		<depth>3</depth>
	</size>
	<segmented>0</segmented>
	<object>
		<name>Pen</name>
		<pose>Unspecified</pose>
		<truncated>0</truncated>
		<difficult>0</difficult>
		<occluded>0</occluded>
		<bndbox>
			<xmin>122</xmin>
			<xmax>595</xmax>
			<ymin>360</ymin>
			<ymax>428</ymax>
		</bndbox>
	</object>
</annotation>
