<annotation>
	<folder></folder>
	<filename>IMG_8169_JPG.rf.52869cc264d715745b2fab5efcba996e.jpg</filename>
	<path>IMG_8169_JPG.rf.52869cc264d715745b2fab5efcba996e.jpg</path>
	<source>
		<database>roboflow.com</database>
	</source>
	<size>
		<width>640</width>
		<height>640</height>
		<depth>3</depth>
	</size>
	<segmented>0</segmented>
	<object>
		<name>Pen</name>
		<pose>Unspecified</pose>
		<truncated>0</truncated>
		<difficult>0</difficult>
		<occluded>0</occluded>
		<bndbox>
			<xmin>255</xmin>
			<xmax>300</xmax>
			<ymin>158</ymin>
			<ymax>575</ymax>
		</bndbox>
	</object>
</annotation>
