<annotation>
	<folder>train</folder>
	<filename>IMG_7936_JPG.rf.7ee92f876ca5ba7dd55ac70b124ef8f9.jpg</filename>
	<path>D:\FinalProject\data\train\IMG_7936_JPG.rf.7ee92f876ca5ba7dd55ac70b124ef8f9.jpg</path>
	<source>
		<database>Unknown</database>
	</source>
	<size>
		<width>640</width>
		<height>640</height>
		<depth>3</depth>
	</size>
	<segmented>0</segmented>
	<object>
		<name>Card</name>
		<pose>Unspecified</pose>
		<truncated>0</truncated>
		<difficult>0</difficult>
		<bndbox>
			<xmin>128</xmin>
			<ymin>189</ymin>
			<xmax>424</xmax>
			<ymax>503</ymax>
		</bndbox>
	</object>
</annotation>
