<annotation>
	<folder>train</folder>
	<filename>IMG_7989_JPG.rf.2fe00c21c63a7f93970fcdf4bd8d321a.jpg</filename>
	<path>D:\FinalProject\data\train\IMG_7989_JPG.rf.2fe00c21c63a7f93970fcdf4bd8d321a.jpg</path>
	<source>
		<database>Unknown</database>
	</source>
	<size>
		<width>640</width>
		<height>640</height>
		<depth>3</depth>
	</size>
	<segmented>0</segmented>
	<object>
		<name>Card</name>
		<pose>Unspecified</pose>
		<truncated>0</truncated>
		<difficult>0</difficult>
		<bndbox>
			<xmin>259</xmin>
			<ymin>222</ymin>
			<xmax>404</xmax>
			<ymax>354</ymax>
		</bndbox>
	</object>
</annotation>
