<annotation>
	<folder></folder>
	<filename>IMG_8219_JPG.rf.1e7d457c8c718e3225a2ad8aa013d3e8.jpg</filename>
	<path>IMG_8219_JPG.rf.1e7d457c8c718e3225a2ad8aa013d3e8.jpg</path>
	<source>
		<database>roboflow.com</database>
	</source>
	<size>
		<width>640</width>
		<height>640</height>
		<depth>3</depth>
	</size>
	<segmented>0</segmented>
	<object>
		<name>Book</name>
		<pose>Unspecified</pose>
		<truncated>0</truncated>
		<difficult>0</difficult>
		<occluded>0</occluded>
		<bndbox>
			<xmin>96</xmin>
			<xmax>523</xmax>
			<ymin>182</ymin>
			<ymax>569</ymax>
		</bndbox>
	</object>
</annotation>
