<annotation>
	<folder></folder>
	<filename>IMG_8193_JPG.rf.0c97ded06b7e16cb4fa8e4f2f1eb889b.jpg</filename>
	<path>IMG_8193_JPG.rf.0c97ded06b7e16cb4fa8e4f2f1eb889b.jpg</path>
	<source>
		<database>roboflow.com</database>
	</source>
	<size>
		<width>640</width>
		<height>640</height>
		<depth>3</depth>
	</size>
	<segmented>0</segmented>
	<object>
		<name>Book</name>
		<pose>Unspecified</pose>
		<truncated>0</truncated>
		<difficult>0</difficult>
		<occluded>0</occluded>
		<bndbox>
			<xmin>19</xmin>
			<xmax>503</xmax>
			<ymin>177</ymin>
			<ymax>527</ymax>
		</bndbox>
	</object>
</annotation>
