<annotation>
	<folder></folder>
	<filename>IMG_8104_JPG.rf.b5122e71749a7eb5fe8fd170020d3c5b.jpg</filename>
	<path>IMG_8104_JPG.rf.b5122e71749a7eb5fe8fd170020d3c5b.jpg</path>
	<source>
		<database>roboflow.com</database>
	</source>
	<size>
		<width>640</width>
		<height>640</height>
		<depth>3</depth>
	</size>
	<segmented>0</segmented>
	<object>
		<name>Pen</name>
		<pose>Unspecified</pose>
		<truncated>0</truncated>
		<difficult>0</difficult>
		<occluded>0</occluded>
		<bndbox>
			<xmin>304</xmin>
			<xmax>371</xmax>
			<ymin>170</ymin>
			<ymax>564</ymax>
		</bndbox>
	</object>
</annotation>
