<annotation>
	<folder></folder>
	<filename>IMG_8108_JPG.rf.4bedcc3138ce08b24bd4734b50dba9f9.jpg</filename>
	<path>IMG_8108_JPG.rf.4bedcc3138ce08b24bd4734b50dba9f9.jpg</path>
	<source>
		<database>roboflow.com</database>
	</source>
	<size>
		<width>640</width>
		<height>640</height>
		<depth>3</depth>
	</size>
	<segmented>0</segmented>
	<object>
		<name>Pen</name>
		<pose>Unspecified</pose>
		<truncated>0</truncated>
		<difficult>0</difficult>
		<occluded>0</occluded>
		<bndbox>
			<xmin>114</xmin>
			<xmax>408</xmax>
			<ymin>165</ymin>
			<ymax>555</ymax>
		</bndbox>
	</object>
</annotation>
