<annotation>
	<folder></folder>
	<filename>IMG_8184_JPG.rf.400a7c42d30a7dd894b1d9e9f2a91d35.jpg</filename>
	<path>IMG_8184_JPG.rf.400a7c42d30a7dd894b1d9e9f2a91d35.jpg</path>
	<source>
		<database>roboflow.com</database>
	</source>
	<size>
		<width>640</width>
		<height>640</height>
		<depth>3</depth>
	</size>
	<segmented>0</segmented>
	<object>
		<name>Book</name>
		<pose>Unspecified</pose>
		<truncated>0</truncated>
		<difficult>0</difficult>
		<occluded>0</occluded>
		<bndbox>
			<xmin>63</xmin>
			<xmax>576</xmax>
			<ymin>79</ymin>
			<ymax>573</ymax>
		</bndbox>
	</object>
</annotation>
