<annotation>
	<folder>valid</folder>
	<filename>IMG_7904_JPG.rf.027618b453ff9889f9d23a5fedb3d9e2.jpg</filename>
	<path>D:\FinalProject\data\valid\IMG_7904_JPG.rf.027618b453ff9889f9d23a5fedb3d9e2.jpg</path>
	<source>
		<database>Unknown</database>
	</source>
	<size>
		<width>640</width>
		<height>640</height>
		<depth>3</depth>
	</size>
	<segmented>0</segmented>
	<object>
		<name>Card</name>
		<pose>Unspecified</pose>
		<truncated>0</truncated>
		<difficult>0</difficult>
		<bndbox>
			<xmin>132</xmin>
			<ymin>167</ymin>
			<xmax>476</xmax>
			<ymax>513</ymax>
		</bndbox>
	</object>
</annotation>
