<annotation>
	<folder>train</folder>
	<filename>IMG_7978_JPG.rf.9993c31c4118a9b2ae9ceb49cc7e2c84.jpg</filename>
	<path>D:\FinalProject\data\train\IMG_7978_JPG.rf.9993c31c4118a9b2ae9ceb49cc7e2c84.jpg</path>
	<source>
		<database>Unknown</database>
	</source>
	<size>
		<width>640</width>
		<height>640</height>
		<depth>3</depth>
	</size>
	<segmented>0</segmented>
	<object>
		<name>Card</name>
		<pose>Unspecified</pose>
		<truncated>0</truncated>
		<difficult>0</difficult>
		<bndbox>
			<xmin>25</xmin>
			<ymin>271</ymin>
			<xmax>349</xmax>
			<ymax>544</ymax>
		</bndbox>
	</object>
</annotation>
