<annotation>
	<folder></folder>
	<filename>IMG_8154_JPG.rf.b0c2de0baf52113586df4ddab161f62e.jpg</filename>
	<path>IMG_8154_JPG.rf.b0c2de0baf52113586df4ddab161f62e.jpg</path>
	<source>
		<database>roboflow.com</database>
	</source>
	<size>
		<width>640</width>
		<height>640</height>
		<depth>3</depth>
	</size>
	<segmented>0</segmented>
	<object>
		<name>Pen</name>
		<pose>Unspecified</pose>
		<truncated>0</truncated>
		<difficult>0</difficult>
		<occluded>0</occluded>
		<bndbox>
			<xmin>260</xmin>
			<xmax>538</xmax>
			<ymin>366</ymin>
			<ymax>471</ymax>
		</bndbox>
	</object>
</annotation>
