<annotation>
	<folder></folder>
	<filename>IMG_8086_JPG.rf.3118e21cd6c62776c9ec372bb628a9c6.jpg</filename>
	<path>IMG_8086_JPG.rf.3118e21cd6c62776c9ec372bb628a9c6.jpg</path>
	<source>
		<database>roboflow.com</database>
	</source>
	<size>
		<width>640</width>
		<height>640</height>
		<depth>3</depth>
	</size>
	<segmented>0</segmented>
	<object>
		<name>Book</name>
		<pose>Unspecified</pose>
		<truncated>0</truncated>
		<difficult>0</difficult>
		<occluded>0</occluded>
		<bndbox>
			<xmin>76</xmin>
			<xmax>584</xmax>
			<ymin>271</ymin>
			<ymax>573</ymax>
		</bndbox>
	</object>
	<object>
		<name>Pen</name>
		<pose>Unspecified</pose>
		<truncated>0</truncated>
		<difficult>0</difficult>
		<occluded>0</occluded>
		<bndbox>
			<xmin>463</xmin>
			<xmax>510</xmax>
			<ymin>56</ymin>
			<ymax>265</ymax>
		</bndbox>
	</object>
	<object>
		<name>Card</name>
		<pose>Unspecified</pose>
		<truncated>0</truncated>
		<difficult>0</difficult>
		<occluded>0</occluded>
		<bndbox>
			<xmin>215</xmin>
			<xmax>361</xmax>
			<ymin>74</ymin>
			<ymax>216</ymax>
		</bndbox>
	</object>
</annotation>
