<annotation>
	<folder>valid</folder>
	<filename>IMG_7971_JPG.rf.b2be5c7babf5e6a3c352a810d81c0ee9.jpg</filename>
	<path>D:\FinalProject\data\valid\IMG_7971_JPG.rf.b2be5c7babf5e6a3c352a810d81c0ee9.jpg</path>
	<source>
		<database>Unknown</database>
	</source>
	<size>
		<width>640</width>
		<height>640</height>
		<depth>3</depth>
	</size>
	<segmented>0</segmented>
	<object>
		<name>Card</name>
		<pose>Unspecified</pose>
		<truncated>0</truncated>
		<difficult>0</difficult>
		<bndbox>
			<xmin>104</xmin>
			<ymin>170</ymin>
			<xmax>409</xmax>
			<ymax>464</ymax>
		</bndbox>
	</object>
</annotation>
