<annotation>
	<folder></folder>
	<filename>IMG_8119_JPG.rf.f33f10c3361299e7c74fd918406a3483.jpg</filename>
	<path>IMG_8119_JPG.rf.f33f10c3361299e7c74fd918406a3483.jpg</path>
	<source>
		<database>roboflow.com</database>
	</source>
	<size>
		<width>640</width>
		<height>640</height>
		<depth>3</depth>
	</size>
	<segmented>0</segmented>
	<object>
		<name>Pen</name>
		<pose>Unspecified</pose>
		<truncated>0</truncated>
		<difficult>0</difficult>
		<occluded>0</occluded>
		<bndbox>
			<xmin>304</xmin>
			<xmax>351</xmax>
			<ymin>131</ymin>
			<ymax>522</ymax>
		</bndbox>
	</object>
</annotation>
