<annotation>
	<folder>train</folder>
	<filename>IMG_7905_JPG.rf.f84117871a5dbd9d4150819a514292b8.jpg</filename>
	<path>D:\FinalProject\data\train\IMG_7905_JPG.rf.f84117871a5dbd9d4150819a514292b8.jpg</path>
	<source>
		<database>Unknown</database>
	</source>
	<size>
		<width>640</width>
		<height>640</height>
		<depth>3</depth>
	</size>
	<segmented>0</segmented>
	<object>
		<name>Card</name>
		<pose>Unspecified</pose>
		<truncated>0</truncated>
		<difficult>0</difficult>
		<bndbox>
			<xmin>133</xmin>
			<ymin>145</ymin>
			<xmax>516</xmax>
			<ymax>495</ymax>
		</bndbox>
	</object>
</annotation>
