<annotation>
	<folder>valid</folder>
	<filename>IMG_7917_JPG.rf.38732f877b45f049198d8b1bbfad0b6b.jpg</filename>
	<path>D:\FinalProject\data\valid\IMG_7917_JPG.rf.38732f877b45f049198d8b1bbfad0b6b.jpg</path>
	<source>
		<database>Unknown</database>
	</source>
	<size>
		<width>640</width>
		<height>640</height>
		<depth>3</depth>
	</size>
	<segmented>0</segmented>
	<object>
		<name>Card</name>
		<pose>Unspecified</pose>
		<truncated>0</truncated>
		<difficult>0</difficult>
		<bndbox>
			<xmin>176</xmin>
			<ymin>219</ymin>
			<xmax>406</xmax>
			<ymax>450</ymax>
		</bndbox>
	</object>
</annotation>
