<annotation>
	<folder></folder>
	<filename>IMG_8183_JPG.rf.4cd5d626d1bf344bf2dbfdb437ad3933.jpg</filename>
	<path>IMG_8183_JPG.rf.4cd5d626d1bf344bf2dbfdb437ad3933.jpg</path>
	<source>
		<database>roboflow.com</database>
	</source>
	<size>
		<width>640</width>
		<height>640</height>
		<depth>3</depth>
	</size>
	<segmented>0</segmented>
	<object>
		<name>Book</name>
		<pose>Unspecified</pose>
		<truncated>0</truncated>
		<difficult>0</difficult>
		<occluded>0</occluded>
		<bndbox>
			<xmin>155</xmin>
			<xmax>513</xmax>
			<ymin>160</ymin>
			<ymax>548</ymax>
		</bndbox>
	</object>
</annotation>
