<annotation>
	<folder>train</folder>
	<filename>IMG_7908_JPG.rf.a39b3566fe76e4fcbeecc3d2b984dc64.jpg</filename>
	<path>D:\FinalProject\data\train\IMG_7908_JPG.rf.a39b3566fe76e4fcbeecc3d2b984dc64.jpg</path>
	<source>
		<database>Unknown</database>
	</source>
	<size>
		<width>640</width>
		<height>640</height>
		<depth>3</depth>
	</size>
	<segmented>0</segmented>
	<object>
		<name>Card</name>
		<pose>Unspecified</pose>
		<truncated>0</truncated>
		<difficult>0</difficult>
		<bndbox>
			<xmin>92</xmin>
			<ymin>163</ymin>
			<xmax>530</xmax>
			<ymax>551</ymax>
		</bndbox>
	</object>
</annotation>
