<annotation>
	<folder></folder>
	<filename>IMG_8231_JPG.rf.0b492be78e965fa2ba47c0f1a8c28eca.jpg</filename>
	<path>IMG_8231_JPG.rf.0b492be78e965fa2ba47c0f1a8c28eca.jpg</path>
	<source>
		<database>roboflow.com</database>
	</source>
	<size>
		<width>640</width>
		<height>640</height>
		<depth>3</depth>
	</size>
	<segmented>0</segmented>
	<object>
		<name>Book</name>
		<pose>Unspecified</pose>
		<truncated>0</truncated>
		<difficult>0</difficult>
		<occluded>0</occluded>
		<bndbox>
			<xmin>2</xmin>
			<xmax>640</xmax>
			<ymin>20</ymin>
			<ymax>530</ymax>
		</bndbox>
	</object>
	<object>
		<name>Book</name>
		<pose>Unspecified</pose>
		<truncated>0</truncated>
		<difficult>0</difficult>
		<occluded>0</occluded>
		<bndbox>
			<xmin>6</xmin>
			<xmax>586</xmax>
			<ymin>133</ymin>
			<ymax>500</ymax>
		</bndbox>
	</object>
</annotation>
