<annotation>
	<folder>test</folder>
	<filename>IMG_7934_JPG.rf.54c757ed459f22c58171312ee087e127.jpg</filename>
	<path>D:\FinalProject\data\test\IMG_7934_JPG.rf.54c757ed459f22c58171312ee087e127.jpg</path>
	<source>
		<database>Unknown</database>
	</source>
	<size>
		<width>640</width>
		<height>640</height>
		<depth>3</depth>
	</size>
	<segmented>0</segmented>
	<object>
		<name>Card</name>
		<pose>Unspecified</pose>
		<truncated>0</truncated>
		<difficult>0</difficult>
		<bndbox>
			<xmin>143</xmin>
			<ymin>241</ymin>
			<xmax>460</xmax>
			<ymax>503</ymax>
		</bndbox>
	</object>
</annotation>
