<annotation>
	<folder>train</folder>
	<filename>IMG_7942_JPG.rf.933d6f96c5e9bf7c56c8d5d7526a71ea.jpg</filename>
	<path>D:\FinalProject\data\train\IMG_7942_JPG.rf.933d6f96c5e9bf7c56c8d5d7526a71ea.jpg</path>
	<source>
		<database>Unknown</database>
	</source>
	<size>
		<width>640</width>
		<height>640</height>
		<depth>3</depth>
	</size>
	<segmented>0</segmented>
	<object>
		<name>Card</name>
		<pose>Unspecified</pose>
		<truncated>0</truncated>
		<difficult>0</difficult>
		<bndbox>
			<xmin>285</xmin>
			<ymin>233</ymin>
			<xmax>615</xmax>
			<ymax>505</ymax>
		</bndbox>
	</object>
</annotation>
