<annotation>
	<folder></folder>
	<filename>IMG_8117_JPG.rf.9939503d3de8412571712c0a45ba24a0.jpg</filename>
	<path>IMG_8117_JPG.rf.9939503d3de8412571712c0a45ba24a0.jpg</path>
	<source>
		<database>roboflow.com</database>
	</source>
	<size>
		<width>640</width>
		<height>640</height>
		<depth>3</depth>
	</size>
	<segmented>0</segmented>
	<object>
		<name>Pen</name>
		<pose>Unspecified</pose>
		<truncated>0</truncated>
		<difficult>0</difficult>
		<occluded>0</occluded>
		<bndbox>
			<xmin>252</xmin>
			<xmax>336</xmax>
			<ymin>109</ymin>
			<ymax>552</ymax>
		</bndbox>
	</object>
</annotation>
