<annotation>
	<folder></folder>
	<filename>IMG_8224_JPG.rf.fc8aa7f6ab62ef6490b7bd57275247f5.jpg</filename>
	<path>IMG_8224_JPG.rf.fc8aa7f6ab62ef6490b7bd57275247f5.jpg</path>
	<source>
		<database>roboflow.com</database>
	</source>
	<size>
		<width>640</width>
		<height>640</height>
		<depth>3</depth>
	</size>
	<segmented>0</segmented>
	<object>
		<name>Book</name>
		<pose>Unspecified</pose>
		<truncated>0</truncated>
		<difficult>0</difficult>
		<occluded>0</occluded>
		<bndbox>
			<xmin>141</xmin>
			<xmax>564</xmax>
			<ymin>186</ymin>
			<ymax>526</ymax>
		</bndbox>
	</object>
</annotation>
