<annotation>
	<folder></folder>
	<filename>IMG_8167_JPG.rf.4227ece17cea611733e48419aa0bfb4b.jpg</filename>
	<path>IMG_8167_JPG.rf.4227ece17cea611733e48419aa0bfb4b.jpg</path>
	<source>
		<database>roboflow.com</database>
	</source>
	<size>
		<width>640</width>
		<height>640</height>
		<depth>3</depth>
	</size>
	<segmented>0</segmented>
	<object>
		<name>Pen</name>
		<pose>Unspecified</pose>
		<truncated>0</truncated>
		<difficult>0</difficult>
		<occluded>0</occluded>
		<bndbox>
			<xmin>221</xmin>
			<xmax>322</xmax>
			<ymin>99</ymin>
			<ymax>613</ymax>
		</bndbox>
	</object>
</annotation>
