<annotation>
	<folder>valid</folder>
	<filename>IMG_8031_JPG.rf.b26208a64e5c5ff22c906ac75780e6b2.jpg</filename>
	<path>D:\FinalProject\data\valid\IMG_8031_JPG.rf.b26208a64e5c5ff22c906ac75780e6b2.jpg</path>
	<source>
		<database>Unknown</database>
	</source>
	<size>
		<width>640</width>
		<height>640</height>
		<depth>3</depth>
	</size>
	<segmented>0</segmented>
	<object>
		<name>Book</name>
		<pose>Unspecified</pose>
		<truncated>0</truncated>
		<difficult>0</difficult>
		<bndbox>
			<xmin>187</xmin>
			<ymin>246</ymin>
			<xmax>578</xmax>
			<ymax>501</ymax>
		</bndbox>
	</object>
</annotation>
