<annotation>
	<folder></folder>
	<filename>IMG_8151_JPG.rf.00078ef9cde575d7f008ecb317250712.jpg</filename>
	<path>IMG_8151_JPG.rf.00078ef9cde575d7f008ecb317250712.jpg</path>
	<source>
		<database>roboflow.com</database>
	</source>
	<size>
		<width>640</width>
		<height>640</height>
		<depth>3</depth>
	</size>
	<segmented>0</segmented>
	<object>
		<name>Pen</name>
		<pose>Unspecified</pose>
		<truncated>0</truncated>
		<difficult>0</difficult>
		<occluded>0</occluded>
		<bndbox>
			<xmin>165</xmin>
			<xmax>482</xmax>
			<ymin>410</ymin>
			<ymax>451</ymax>
		</bndbox>
	</object>
</annotation>
