<annotation>
	<folder></folder>
	<filename>IMG_8170_JPG.rf.fa38010be77d85143ed70d62d504d93d.jpg</filename>
	<path>IMG_8170_JPG.rf.fa38010be77d85143ed70d62d504d93d.jpg</path>
	<source>
		<database>roboflow.com</database>
	</source>
	<size>
		<width>640</width>
		<height>640</height>
		<depth>3</depth>
	</size>
	<segmented>0</segmented>
	<object>
		<name>Pen</name>
		<pose>Unspecified</pose>
		<truncated>0</truncated>
		<difficult>0</difficult>
		<occluded>0</occluded>
		<bndbox>
			<xmin>254</xmin>
			<xmax>366</xmax>
			<ymin>101</ymin>
			<ymax>566</ymax>
		</bndbox>
	</object>
</annotation>
