<annotation>
	<folder></folder>
	<filename>IMG_8140_JPG.rf.feed17783c735cd4bf00aae3ec25847b.jpg</filename>
	<path>IMG_8140_JPG.rf.feed17783c735cd4bf00aae3ec25847b.jpg</path>
	<source>
		<database>roboflow.com</database>
	</source>
	<size>
		<width>640</width>
		<height>640</height>
		<depth>3</depth>
	</size>
	<segmented>0</segmented>
	<object>
		<name>Pen</name>
		<pose>Unspecified</pose>
		<truncated>0</truncated>
		<difficult>0</difficult>
		<occluded>0</occluded>
		<bndbox>
			<xmin>133</xmin>
			<xmax>256</xmax>
			<ymin>402</ymin>
			<ymax>606</ymax>
		</bndbox>
	</object>
</annotation>
