<annotation>
	<folder>train</folder>
	<filename>IMG_7930_JPG.rf.9923294d491688de74fb39c3252fa59e.jpg</filename>
	<path>D:\FinalProject\data\train\IMG_7930_JPG.rf.9923294d491688de74fb39c3252fa59e.jpg</path>
	<source>
		<database>Unknown</database>
	</source>
	<size>
		<width>640</width>
		<height>640</height>
		<depth>3</depth>
	</size>
	<segmented>0</segmented>
	<object>
		<name>Card</name>
		<pose>Unspecified</pose>
		<truncated>0</truncated>
		<difficult>0</difficult>
		<bndbox>
			<xmin>144</xmin>
			<ymin>224</ymin>
			<xmax>458</xmax>
			<ymax>508</ymax>
		</bndbox>
	</object>
</annotation>
