<annotation>
	<folder>train</folder>
	<filename>IMG_7921_JPG.rf.ec4f5b3bbf92834a4f80026f417a8ef1.jpg</filename>
	<path>D:\FinalProject\data\train\IMG_7921_JPG.rf.ec4f5b3bbf92834a4f80026f417a8ef1.jpg</path>
	<source>
		<database>Unknown</database>
	</source>
	<size>
		<width>640</width>
		<height>640</height>
		<depth>3</depth>
	</size>
	<segmented>0</segmented>
	<object>
		<name>Card</name>
		<pose>Unspecified</pose>
		<truncated>0</truncated>
		<difficult>0</difficult>
		<bndbox>
			<xmin>146</xmin>
			<ymin>141</ymin>
			<xmax>475</xmax>
			<ymax>467</ymax>
		</bndbox>
	</object>
</annotation>
