<annotation>
	<folder></folder>
	<filename>IMG_8135_JPG.rf.8275fa11242b0f29db1a2870690e3614.jpg</filename>
	<path>IMG_8135_JPG.rf.8275fa11242b0f29db1a2870690e3614.jpg</path>
	<source>
		<database>roboflow.com</database>
	</source>
	<size>
		<width>640</width>
		<height>640</height>
		<depth>3</depth>
	</size>
	<segmented>0</segmented>
	<object>
		<name>Pen</name>
		<pose>Unspecified</pose>
		<truncated>0</truncated>
		<difficult>0</difficult>
		<occluded>0</occluded>
		<bndbox>
			<xmin>270</xmin>
			<xmax>318</xmax>
			<ymin>302</ymin>
			<ymax>589</ymax>
		</bndbox>
	</object>
</annotation>
