<annotation>
	<folder>train</folder>
	<filename>IMG_7941_JPG.rf.71ffacdb6c1584c98e544bc81bb6b427.jpg</filename>
	<path>D:\FinalProject\data\train\IMG_7941_JPG.rf.71ffacdb6c1584c98e544bc81bb6b427.jpg</path>
	<source>
		<database>Unknown</database>
	</source>
	<size>
		<width>640</width>
		<height>640</height>
		<depth>3</depth>
	</size>
	<segmented>0</segmented>
	<object>
		<name>Card</name>
		<pose>Unspecified</pose>
		<truncated>0</truncated>
		<difficult>0</difficult>
		<bndbox>
			<xmin>206</xmin>
			<ymin>351</ymin>
			<xmax>398</xmax>
			<ymax>491</ymax>
		</bndbox>
	</object>
</annotation>
