<annotation>
	<folder></folder>
	<filename>IMG_8158_JPG.rf.136d2ad7733fcae4483db05476920dc2.jpg</filename>
	<path>IMG_8158_JPG.rf.136d2ad7733fcae4483db05476920dc2.jpg</path>
	<source>
		<database>roboflow.com</database>
	</source>
	<size>
		<width>640</width>
		<height>640</height>
		<depth>3</depth>
	</size>
	<segmented>0</segmented>
	<object>
		<name>Book</name>
		<pose>Unspecified</pose>
		<truncated>0</truncated>
		<difficult>0</difficult>
		<occluded>0</occluded>
		<bndbox>
			<xmin>54</xmin>
			<xmax>462</xmax>
			<ymin>111</ymin>
			<ymax>542</ymax>
		</bndbox>
	</object>
	<object>
		<name>Pen</name>
		<pose>Unspecified</pose>
		<truncated>0</truncated>
		<difficult>0</difficult>
		<occluded>0</occluded>
		<bndbox>
			<xmin>212</xmin>
			<xmax>276</xmax>
			<ymin>158</ymin>
			<ymax>501</ymax>
		</bndbox>
	</object>
</annotation>
