<annotation>
	<folder>valid</folder>
	<filename>IMG_7929_JPG.rf.d6f4cab6fe3e61b74283545c44b8182d.jpg</filename>
	<path>D:\FinalProject\data\valid\IMG_7929_JPG.rf.d6f4cab6fe3e61b74283545c44b8182d.jpg</path>
	<source>
		<database>Unknown</database>
	</source>
	<size>
		<width>640</width>
		<height>640</height>
		<depth>3</depth>
	</size>
	<segmented>0</segmented>
	<object>
		<name>Card</name>
		<pose>Unspecified</pose>
		<truncated>0</truncated>
		<difficult>0</difficult>
		<bndbox>
			<xmin>125</xmin>
			<ymin>281</ymin>
			<xmax>338</xmax>
			<ymax>485</ymax>
		</bndbox>
	</object>
</annotation>
