<annotation>
	<folder>train</folder>
	<filename>IMG_8065_JPG.rf.405399da9f63451bf57e12348b5bcc77.jpg</filename>
	<path>D:\FinalProject\data\train\IMG_8065_JPG.rf.405399da9f63451bf57e12348b5bcc77.jpg</path>
	<source>
		<database>Unknown</database>
	</source>
	<size>
		<width>640</width>
		<height>640</height>
		<depth>3</depth>
	</size>
	<segmented>0</segmented>
	<object>
		<name>Book</name>
		<pose>Unspecified</pose>
		<truncated>1</truncated>
		<difficult>0</difficult>
		<bndbox>
			<xmin>8</xmin>
			<ymin>139</ymin>
			<xmax>640</xmax>
			<ymax>581</ymax>
		</bndbox>
	</object>
</annotation>
