<annotation>
	<folder></folder>
	<filename>IMG_8142_JPG.rf.79b1f06141f3d8129d7d52c5c49b349e.jpg</filename>
	<path>IMG_8142_JPG.rf.79b1f06141f3d8129d7d52c5c49b349e.jpg</path>
	<source>
		<database>roboflow.com</database>
	</source>
	<size>
		<width>640</width>
		<height>640</height>
		<depth>3</depth>
	</size>
	<segmented>0</segmented>
	<object>
		<name>Pen</name>
		<pose>Unspecified</pose>
		<truncated>0</truncated>
		<difficult>0</difficult>
		<occluded>0</occluded>
		<bndbox>
			<xmin>219</xmin>
			<xmax>440</xmax>
			<ymin>321</ymin>
			<ymax>623</ymax>
		</bndbox>
	</object>
</annotation>
