<annotation>
	<folder>train</folder>
	<filename>IMG_7928_JPG.rf.42a1dab222abf3b3424f2ee8fe846c7b.jpg</filename>
	<path>D:\FinalProject\data\train\IMG_7928_JPG.rf.42a1dab222abf3b3424f2ee8fe846c7b.jpg</path>
	<source>
		<database>Unknown</database>
	</source>
	<size>
		<width>640</width>
		<height>640</height>
		<depth>3</depth>
	</size>
	<segmented>0</segmented>
	<object>
		<name>Card</name>
		<pose>Unspecified</pose>
		<truncated>0</truncated>
		<difficult>0</difficult>
		<bndbox>
			<xmin>188</xmin>
			<ymin>297</ymin>
			<xmax>416</xmax>
			<ymax>527</ymax>
		</bndbox>
	</object>
</annotation>
