<annotation>
	<folder>valid</folder>
	<filename>IMG_8040_JPG.rf.c229fdfcaee8e4b51bef9451bbac03ba.jpg</filename>
	<path>D:\FinalProject\data\valid\IMG_8040_JPG.rf.c229fdfcaee8e4b51bef9451bbac03ba.jpg</path>
	<source>
		<database>Unknown</database>
	</source>
	<size>
		<width>640</width>
		<height>640</height>
		<depth>3</depth>
	</size>
	<segmented>0</segmented>
	<object>
		<name>Book</name>
		<pose>Unspecified</pose>
		<truncated>0</truncated>
		<difficult>0</difficult>
		<bndbox>
			<xmin>56</xmin>
			<ymin>103</ymin>
			<xmax>594</xmax>
			<ymax>623</ymax>
		</bndbox>
	</object>
</annotation>
