<annotation>
	<folder>train</folder>
	<filename>IMG_7923_JPG.rf.51dac0d16690b8ea9d952e7e649d35c1.jpg</filename>
	<path>D:\FinalProject\data\train\IMG_7923_JPG.rf.51dac0d16690b8ea9d952e7e649d35c1.jpg</path>
	<source>
		<database>Unknown</database>
	</source>
	<size>
		<width>640</width>
		<height>640</height>
		<depth>3</depth>
	</size>
	<segmented>0</segmented>
	<object>
		<name>Card</name>
		<pose>Unspecified</pose>
		<truncated>0</truncated>
		<difficult>0</difficult>
		<bndbox>
			<xmin>233</xmin>
			<ymin>261</ymin>
			<xmax>467</xmax>
			<ymax>491</ymax>
		</bndbox>
	</object>
</annotation>
