<annotation>
	<folder></folder>
	<filename>IMG_8131_JPG.rf.5fb643b1dc176c1a6ae63baf468f9750.jpg</filename>
	<path>IMG_8131_JPG.rf.5fb643b1dc176c1a6ae63baf468f9750.jpg</path>
	<source>
		<database>roboflow.com</database>
	</source>
	<size>
		<width>640</width>
		<height>640</height>
		<depth>3</depth>
	</size>
	<segmented>0</segmented>
	<object>
		<name>Book</name>
		<pose>Unspecified</pose>
		<truncated>0</truncated>
		<difficult>0</difficult>
		<occluded>0</occluded>
		<bndbox>
			<xmin>107</xmin>
			<xmax>471</xmax>
			<ymin>11</ymin>
			<ymax>204</ymax>
		</bndbox>
	</object>
	<object>
		<name>Pen</name>
		<pose>Unspecified</pose>
		<truncated>0</truncated>
		<difficult>0</difficult>
		<occluded>0</occluded>
		<bndbox>
			<xmin>185</xmin>
			<xmax>449</xmax>
			<ymin>309</ymin>
			<ymax>329</ymax>
		</bndbox>
	</object>
</annotation>
