<annotation>
	<folder>valid</folder>
	<filename>IMG_8050_JPG.rf.b1b28cff2c948e9984d43d045d68ebed.jpg</filename>
	<path>D:\FinalProject\data\valid\IMG_8050_JPG.rf.b1b28cff2c948e9984d43d045d68ebed.jpg</path>
	<source>
		<database>Unknown</database>
	</source>
	<size>
		<width>640</width>
		<height>640</height>
		<depth>3</depth>
	</size>
	<segmented>0</segmented>
	<object>
		<name>Book</name>
		<pose>Unspecified</pose>
		<truncated>1</truncated>
		<difficult>0</difficult>
		<bndbox>
			<xmin>1</xmin>
			<ymin>1</ymin>
			<xmax>640</xmax>
			<ymax>577</ymax>
		</bndbox>
	</object>
</annotation>
