<annotation>
	<folder>train</folder>
	<filename>IMG_7974_JPG.rf.972f53b4b138d96a19edabb868a0a2b6.jpg</filename>
	<path>D:\FinalProject\data\train\IMG_7974_JPG.rf.972f53b4b138d96a19edabb868a0a2b6.jpg</path>
	<source>
		<database>Unknown</database>
	</source>
	<size>
		<width>640</width>
		<height>640</height>
		<depth>3</depth>
	</size>
	<segmented>0</segmented>
	<object>
		<name>Card</name>
		<pose>Unspecified</pose>
		<truncated>0</truncated>
		<difficult>0</difficult>
		<bndbox>
			<xmin>203</xmin>
			<ymin>297</ymin>
			<xmax>414</xmax>
			<ymax>504</ymax>
		</bndbox>
	</object>
</annotation>
