<annotation>
	<folder>train</folder>
	<filename>IMG_8001_JPG.rf.233ffc402e44c36ae2454d57943ed45a.jpg</filename>
	<path>D:\FinalProject\data\train\IMG_8001_JPG.rf.233ffc402e44c36ae2454d57943ed45a.jpg</path>
	<source>
		<database>Unknown</database>
	</source>
	<size>
		<width>640</width>
		<height>640</height>
		<depth>3</depth>
	</size>
	<segmented>0</segmented>
	<object>
		<name>Card</name>
		<pose>Unspecified</pose>
		<truncated>0</truncated>
		<difficult>0</difficult>
		<bndbox>
			<xmin>143</xmin>
			<ymin>195</ymin>
			<xmax>451</xmax>
			<ymax>501</ymax>
		</bndbox>
	</object>
</annotation>
