<annotation>
	<folder></folder>
	<filename>IMG_8232_JPG.rf.e31f745f0432318278f72864fad5a8b7.jpg</filename>
	<path>IMG_8232_JPG.rf.e31f745f0432318278f72864fad5a8b7.jpg</path>
	<source>
		<database>roboflow.com</database>
	</source>
	<size>
		<width>640</width>
		<height>640</height>
		<depth>3</depth>
	</size>
	<segmented>0</segmented>
	<object>
		<name>Book</name>
		<pose>Unspecified</pose>
		<truncated>0</truncated>
		<difficult>0</difficult>
		<occluded>0</occluded>
		<bndbox>
			<xmin>6</xmin>
			<xmax>632</xmax>
			<ymin>140</ymin>
			<ymax>535</ymax>
		</bndbox>
	</object>
</annotation>
