<annotation>
	<folder>train</folder>
	<filename>IMG_7943_JPG.rf.6f21dad201ebf41ae22df02685b0a5c8.jpg</filename>
	<path>D:\FinalProject\data\train\IMG_7943_JPG.rf.6f21dad201ebf41ae22df02685b0a5c8.jpg</path>
	<source>
		<database>Unknown</database>
	</source>
	<size>
		<width>640</width>
		<height>640</height>
		<depth>3</depth>
	</size>
	<segmented>0</segmented>
	<object>
		<name>Card</name>
		<pose>Unspecified</pose>
		<truncated>0</truncated>
		<difficult>0</difficult>
		<bndbox>
			<xmin>136</xmin>
			<ymin>302</ymin>
			<xmax>445</xmax>
			<ymax>466</ymax>
		</bndbox>
	</object>
</annotation>
