<annotation>
	<folder>train</folder>
	<filename>IMG_8028_JPG.rf.9b47bcf949532ebeaf3732d5dac89393.jpg</filename>
	<path>D:\FinalProject\data\train\IMG_8028_JPG.rf.9b47bcf949532ebeaf3732d5dac89393.jpg</path>
	<source>
		<database>Unknown</database>
	</source>
	<size>
		<width>640</width>
		<height>640</height>
		<depth>3</depth>
	</size>
	<segmented>0</segmented>
	<object>
		<name>Book</name>
		<pose>Unspecified</pose>
		<truncated>0</truncated>
		<difficult>0</difficult>
		<bndbox>
			<xmin>8</xmin>
			<ymin>16</ymin>
			<xmax>618</xmax>
			<ymax>544</ymax>
		</bndbox>
	</object>
</annotation>
