<annotation>
	<folder></folder>
	<filename>IMG_8238_JPG.rf.f7dfc9e17068dd90a236f8fd65def099.jpg</filename>
	<path>IMG_8238_JPG.rf.f7dfc9e17068dd90a236f8fd65def099.jpg</path>
	<source>
		<database>roboflow.com</database>
	</source>
	<size>
		<width>640</width>
		<height>640</height>
		<depth>3</depth>
	</size>
	<segmented>0</segmented>
	<object>
		<name>Book</name>
		<pose>Unspecified</pose>
		<truncated>0</truncated>
		<difficult>0</difficult>
		<occluded>0</occluded>
		<bndbox>
			<xmin>209</xmin>
			<xmax>494</xmax>
			<ymin>246</ymin>
			<ymax>542</ymax>
		</bndbox>
	</object>
</annotation>
