<annotation>
	<folder></folder>
	<filename>IMG_8225_JPG.rf.76ae20eae0e4f176edf5c9da6d087517.jpg</filename>
	<path>IMG_8225_JPG.rf.76ae20eae0e4f176edf5c9da6d087517.jpg</path>
	<source>
		<database>roboflow.com</database>
	</source>
	<size>
		<width>640</width>
		<height>640</height>
		<depth>3</depth>
	</size>
	<segmented>0</segmented>
	<object>
		<name>Book</name>
		<pose>Unspecified</pose>
		<truncated>0</truncated>
		<difficult>0</difficult>
		<occluded>0</occluded>
		<bndbox>
			<xmin>93</xmin>
			<xmax>459</xmax>
			<ymin>228</ymin>
			<ymax>504</ymax>
		</bndbox>
	</object>
</annotation>
