<annotation>
	<folder>train</folder>
	<filename>IMG_8037_JPG.rf.b5f7372ab87fd652101e83c6713736b0.jpg</filename>
	<path>D:\FinalProject\data\train\IMG_8037_JPG.rf.b5f7372ab87fd652101e83c6713736b0.jpg</path>
	<source>
		<database>Unknown</database>
	</source>
	<size>
		<width>640</width>
		<height>640</height>
		<depth>3</depth>
	</size>
	<segmented>0</segmented>
	<object>
		<name>Book</name>
		<pose>Unspecified</pose>
		<truncated>1</truncated>
		<difficult>0</difficult>
		<bndbox>
			<xmin>1</xmin>
			<ymin>171</ymin>
			<xmax>612</xmax>
			<ymax>469</ymax>
		</bndbox>
	</object>
</annotation>
