<annotation>
	<folder></folder>
	<filename>IMG_8105_JPG.rf.7f7fa0c3391bcd61e8dc5fe0ce4daba2.jpg</filename>
	<path>IMG_8105_JPG.rf.7f7fa0c3391bcd61e8dc5fe0ce4daba2.jpg</path>
	<source>
		<database>roboflow.com</database>
	</source>
	<size>
		<width>640</width>
		<height>640</height>
		<depth>3</depth>
	</size>
	<segmented>0</segmented>
	<object>
		<name>Pen</name>
		<pose>Unspecified</pose>
		<truncated>0</truncated>
		<difficult>0</difficult>
		<occluded>0</occluded>
		<bndbox>
			<xmin>262</xmin>
			<xmax>316</xmax>
			<ymin>109</ymin>
			<ymax>516</ymax>
		</bndbox>
	</object>
</annotation>
