<annotation>
	<folder>valid</folder>
	<filename>IMG_7915_JPG.rf.b78cfcbdede67721c582fb47b7455f31.jpg</filename>
	<path>D:\FinalProject\data\valid\IMG_7915_JPG.rf.b78cfcbdede67721c582fb47b7455f31.jpg</path>
	<source>
		<database>Unknown</database>
	</source>
	<size>
		<width>640</width>
		<height>640</height>
		<depth>3</depth>
	</size>
	<segmented>0</segmented>
	<object>
		<name>Card</name>
		<pose>Unspecified</pose>
		<truncated>0</truncated>
		<difficult>0</difficult>
		<bndbox>
			<xmin>150</xmin>
			<ymin>130</ymin>
			<xmax>470</xmax>
			<ymax>443</ymax>
		</bndbox>
	</object>
</annotation>
