<annotation>
	<folder></folder>
	<filename>IMG_8137_JPG.rf.096fb7409596e78f35fd8f5d7b42466b.jpg</filename>
	<path>IMG_8137_JPG.rf.096fb7409596e78f35fd8f5d7b42466b.jpg</path>
	<source>
		<database>roboflow.com</database>
	</source>
	<size>
		<width>640</width>
		<height>640</height>
		<depth>3</depth>
	</size>
	<segmented>0</segmented>
	<object>
		<name>Pen</name>
		<pose>Unspecified</pose>
		<truncated>0</truncated>
		<difficult>0</difficult>
		<occluded>0</occluded>
		<bndbox>
			<xmin>190</xmin>
			<xmax>282</xmax>
			<ymin>342</ymin>
			<ymax>640</ymax>
		</bndbox>
	</object>
</annotation>
