<annotation>
	<folder></folder>
	<filename>IMG_8121_JPG.rf.061d1355c36627342aa2cc906fb152f6.jpg</filename>
	<path>IMG_8121_JPG.rf.061d1355c36627342aa2cc906fb152f6.jpg</path>
	<source>
		<database>roboflow.com</database>
	</source>
	<size>
		<width>640</width>
		<height>640</height>
		<depth>3</depth>
	</size>
	<segmented>0</segmented>
	<object>
		<name>Pen</name>
		<pose>Unspecified</pose>
		<truncated>0</truncated>
		<difficult>0</difficult>
		<occluded>0</occluded>
		<bndbox>
			<xmin>222</xmin>
			<xmax>297</xmax>
			<ymin>120</ymin>
			<ymax>574</ymax>
		</bndbox>
	</object>
</annotation>
