<annotation>
	<folder>valid</folder>
	<filename>IMG_7945_JPG.rf.0644216f8dec7e2d5889b5d493258d86.jpg</filename>
	<path>D:\FinalProject\data\valid\IMG_7945_JPG.rf.0644216f8dec7e2d5889b5d493258d86.jpg</path>
	<source>
		<database>Unknown</database>
	</source>
	<size>
		<width>640</width>
		<height>640</height>
		<depth>3</depth>
	</size>
	<segmented>0</segmented>
	<object>
		<name>Card</name>
		<pose>Unspecified</pose>
		<truncated>0</truncated>
		<difficult>0</difficult>
		<bndbox>
			<xmin>174</xmin>
			<ymin>247</ymin>
			<xmax>452</xmax>
			<ymax>544</ymax>
		</bndbox>
	</object>
</annotation>
