<annotation>
	<folder></folder>
	<filename>IMG_8194_JPG.rf.251eda3ea08233787311312eb38fd3f9.jpg</filename>
	<path>IMG_8194_JPG.rf.251eda3ea08233787311312eb38fd3f9.jpg</path>
	<source>
		<database>roboflow.com</database>
	</source>
	<size>
		<width>640</width>
		<height>640</height>
		<depth>3</depth>
	</size>
	<segmented>0</segmented>
	<object>
		<name>Book</name>
		<pose>Unspecified</pose>
		<truncated>0</truncated>
		<difficult>0</difficult>
		<occluded>0</occluded>
		<bndbox>
			<xmin>2</xmin>
			<xmax>604</xmax>
			<ymin>132</ymin>
			<ymax>593</ymax>
		</bndbox>
	</object>
</annotation>
