<annotation>
	<folder></folder>
	<filename>IMG_8218_JPG.rf.22905c911b83047746718783bd90f640.jpg</filename>
	<path>IMG_8218_JPG.rf.22905c911b83047746718783bd90f640.jpg</path>
	<source>
		<database>roboflow.com</database>
	</source>
	<size>
		<width>640</width>
		<height>640</height>
		<depth>3</depth>
	</size>
	<segmented>0</segmented>
	<object>
		<name>Book</name>
		<pose>Unspecified</pose>
		<truncated>0</truncated>
		<difficult>0</difficult>
		<occluded>0</occluded>
		<bndbox>
			<xmin>14</xmin>
			<xmax>544</xmax>
			<ymin>84</ymin>
			<ymax>554</ymax>
		</bndbox>
	</object>
</annotation>
