<annotation>
	<folder></folder>
	<filename>IMG_8138_JPG.rf.d2a5a484f659616f232de9a52d989d8c.jpg</filename>
	<path>IMG_8138_JPG.rf.d2a5a484f659616f232de9a52d989d8c.jpg</path>
	<source>
		<database>roboflow.com</database>
	</source>
	<size>
		<width>640</width>
		<height>640</height>
		<depth>3</depth>
	</size>
	<segmented>0</segmented>
	<object>
		<name>Pen</name>
		<pose>Unspecified</pose>
		<truncated>0</truncated>
		<difficult>0</difficult>
		<occluded>0</occluded>
		<bndbox>
			<xmin>259</xmin>
			<xmax>480</xmax>
			<ymin>362</ymin>
			<ymax>629</ymax>
		</bndbox>
	</object>
</annotation>
