<annotation>
	<folder></folder>
	<filename>IMG_8076_JPG.rf.0a9c3c44be87e2a8c42879024484c2db.jpg</filename>
	<path>IMG_8076_JPG.rf.0a9c3c44be87e2a8c42879024484c2db.jpg</path>
	<source>
		<database>roboflow.com</database>
	</source>
	<size>
		<width>640</width>
		<height>640</height>
		<depth>3</depth>
	</size>
	<segmented>0</segmented>
	<object>
		<name>Pen</name>
		<pose>Unspecified</pose>
		<truncated>0</truncated>
		<difficult>0</difficult>
		<occluded>0</occluded>
		<bndbox>
			<xmin>361</xmin>
			<xmax>402</xmax>
			<ymin>99</ymin>
			<ymax>306</ymax>
		</bndbox>
	</object>
	<object>
		<name>Pen</name>
		<pose>Unspecified</pose>
		<truncated>0</truncated>
		<difficult>0</difficult>
		<occluded>0</occluded>
		<bndbox>
			<xmin>274</xmin>
			<xmax>299</xmax>
			<ymin>296</ymin>
			<ymax>519</ymax>
		</bndbox>
	</object>
	<object>
		<name>Pen</name>
		<pose>Unspecified</pose>
		<truncated>0</truncated>
		<difficult>0</difficult>
		<occluded>0</occluded>
		<bndbox>
			<xmin>477</xmin>
			<xmax>510</xmax>
			<ymin>275</ymin>
			<ymax>502</ymax>
		</bndbox>
	</object>
	<object>
		<name>Pen</name>
		<pose>Unspecified</pose>
		<truncated>0</truncated>
		<difficult>0</difficult>
		<occluded>0</occluded>
		<bndbox>
			<xmin>87</xmin>
			<xmax>135</xmax>
			<ymin>278</ymin>
			<ymax>508</ymax>
		</bndbox>
	</object>
</annotation>
