<annotation>
	<folder>train</folder>
	<filename>IMG_8020_JPG.rf.a6486f5afe9b7df90ac8f9fc92d9b2ce.jpg</filename>
	<path>D:\FinalProject\data\train\IMG_8020_JPG.rf.a6486f5afe9b7df90ac8f9fc92d9b2ce.jpg</path>
	<source>
		<database>Unknown</database>
	</source>
	<size>
		<width>640</width>
		<height>640</height>
		<depth>3</depth>
	</size>
	<segmented>0</segmented>
	<object>
		<name>Book</name>
		<pose>Unspecified</pose>
		<truncated>0</truncated>
		<difficult>0</difficult>
		<bndbox>
			<xmin>90</xmin>
			<ymin>63</ymin>
			<xmax>594</xmax>
			<ymax>583</ymax>
		</bndbox>
	</object>
</annotation>
