<annotation>
	<folder></folder>
	<filename>IMG_8202_JPG.rf.dc4155edc3afc57ecc426009c1324444.jpg</filename>
	<path>IMG_8202_JPG.rf.dc4155edc3afc57ecc426009c1324444.jpg</path>
	<source>
		<database>roboflow.com</database>
	</source>
	<size>
		<width>640</width>
		<height>640</height>
		<depth>3</depth>
	</size>
	<segmented>0</segmented>
	<object>
		<name>Book</name>
		<pose>Unspecified</pose>
		<truncated>0</truncated>
		<difficult>0</difficult>
		<occluded>0</occluded>
		<bndbox>
			<xmin>51</xmin>
			<xmax>490</xmax>
			<ymin>150</ymin>
			<ymax>613</ymax>
		</bndbox>
	</object>
</annotation>
