<annotation>
	<folder></folder>
	<filename>IMG_8128_JPG.rf.4ff11975cc135732a939f407e75d4d59.jpg</filename>
	<path>IMG_8128_JPG.rf.4ff11975cc135732a939f407e75d4d59.jpg</path>
	<source>
		<database>roboflow.com</database>
	</source>
	<size>
		<width>640</width>
		<height>640</height>
		<depth>3</depth>
	</size>
	<segmented>0</segmented>
	<object>
		<name>Pen</name>
		<pose>Unspecified</pose>
		<truncated>0</truncated>
		<difficult>0</difficult>
		<occluded>0</occluded>
		<bndbox>
			<xmin>233</xmin>
			<xmax>300</xmax>
			<ymin>160</ymin>
			<ymax>525</ymax>
		</bndbox>
	</object>
</annotation>
