<annotation>
	<folder></folder>
	<filename>IMG_8204_JPG.rf.e88a57fd516b86eea900ec5ddcffc604.jpg</filename>
	<path>IMG_8204_JPG.rf.e88a57fd516b86eea900ec5ddcffc604.jpg</path>
	<source>
		<database>roboflow.com</database>
	</source>
	<size>
		<width>640</width>
		<height>640</height>
		<depth>3</depth>
	</size>
	<segmented>0</segmented>
	<object>
		<name>Book</name>
		<pose>Unspecified</pose>
		<truncated>0</truncated>
		<difficult>0</difficult>
		<occluded>0</occluded>
		<bndbox>
			<xmin>46</xmin>
			<xmax>437</xmax>
			<ymin>139</ymin>
			<ymax>539</ymax>
		</bndbox>
	</object>
</annotation>
