<annotation>
	<folder>train</folder>
	<filename>IMG_7979_JPG.rf.339a060e58dfeb480e15ca8c3332cd83.jpg</filename>
	<path>D:\FinalProject\data\train\IMG_7979_JPG.rf.339a060e58dfeb480e15ca8c3332cd83.jpg</path>
	<source>
		<database>Unknown</database>
	</source>
	<size>
		<width>640</width>
		<height>640</height>
		<depth>3</depth>
	</size>
	<segmented>0</segmented>
	<object>
		<name>Card</name>
		<pose>Unspecified</pose>
		<truncated>0</truncated>
		<difficult>0</difficult>
		<bndbox>
			<xmin>222</xmin>
			<ymin>377</ymin>
			<xmax>454</xmax>
			<ymax>594</ymax>
		</bndbox>
	</object>
</annotation>
