<annotation>
	<folder></folder>
	<filename>IMG_8139_JPG.rf.4c10f4a6cedfd73483bab1d0f2f6b420.jpg</filename>
	<path>IMG_8139_JPG.rf.4c10f4a6cedfd73483bab1d0f2f6b420.jpg</path>
	<source>
		<database>roboflow.com</database>
	</source>
	<size>
		<width>640</width>
		<height>640</height>
		<depth>3</depth>
	</size>
	<segmented>0</segmented>
	<object>
		<name>Pen</name>
		<pose>Unspecified</pose>
		<truncated>0</truncated>
		<difficult>0</difficult>
		<occluded>0</occluded>
		<bndbox>
			<xmin>8</xmin>
			<xmax>456</xmax>
			<ymin>416</ymin>
			<ymax>596</ymax>
		</bndbox>
	</object>
</annotation>
