<annotation>
	<folder>train</folder>
	<filename>IMG_8002_JPG.rf.982e279d218699dd9c49ea6a1cb858cc.jpg</filename>
	<path>D:\FinalProject\data\train\IMG_8002_JPG.rf.982e279d218699dd9c49ea6a1cb858cc.jpg</path>
	<source>
		<database>Unknown</database>
	</source>
	<size>
		<width>640</width>
		<height>640</height>
		<depth>3</depth>
	</size>
	<segmented>0</segmented>
	<object>
		<name>Card</name>
		<pose>Unspecified</pose>
		<truncated>0</truncated>
		<difficult>0</difficult>
		<bndbox>
			<xmin>164</xmin>
			<ymin>165</ymin>
			<xmax>439</xmax>
			<ymax>369</ymax>
		</bndbox>
	</object>
</annotation>
