<annotation>
	<folder></folder>
	<filename>IMG_8239_JPG.rf.782d5ce3c20b5605ceb339f03cf6e72d.jpg</filename>
	<path>IMG_8239_JPG.rf.782d5ce3c20b5605ceb339f03cf6e72d.jpg</path>
	<source>
		<database>roboflow.com</database>
	</source>
	<size>
		<width>640</width>
		<height>640</height>
		<depth>3</depth>
	</size>
	<segmented>0</segmented>
	<object>
		<name>Book</name>
		<pose>Unspecified</pose>
		<truncated>0</truncated>
		<difficult>0</difficult>
		<occluded>0</occluded>
		<bndbox>
			<xmin>135</xmin>
			<xmax>482</xmax>
			<ymin>158</ymin>
			<ymax>504</ymax>
		</bndbox>
	</object>
</annotation>
