<annotation>
	<folder>test</folder>
	<filename>IMG_7919_JPG.rf.ca935214450d3ecf5d265b4910440142.jpg</filename>
	<path>D:\FinalProject\data\test\IMG_7919_JPG.rf.ca935214450d3ecf5d265b4910440142.jpg</path>
	<source>
		<database>Unknown</database>
	</source>
	<size>
		<width>640</width>
		<height>640</height>
		<depth>3</depth>
	</size>
	<segmented>0</segmented>
	<object>
		<name>Card</name>
		<pose>Unspecified</pose>
		<truncated>0</truncated>
		<difficult>0</difficult>
		<bndbox>
			<xmin>152</xmin>
			<ymin>286</ymin>
			<xmax>410</xmax>
			<ymax>537</ymax>
		</bndbox>
	</object>
</annotation>
