<annotation>
	<folder>train</folder>
	<filename>IMG_7935_JPG.rf.514ebcebf397600b33dbd58a17548cc9.jpg</filename>
	<path>D:\FinalProject\data\train\IMG_7935_JPG.rf.514ebcebf397600b33dbd58a17548cc9.jpg</path>
	<source>
		<database>Unknown</database>
	</source>
	<size>
		<width>640</width>
		<height>640</height>
		<depth>3</depth>
	</size>
	<segmented>0</segmented>
	<object>
		<name>Card</name>
		<pose>Unspecified</pose>
		<truncated>0</truncated>
		<difficult>0</difficult>
		<bndbox>
			<xmin>31</xmin>
			<ymin>175</ymin>
			<xmax>420</xmax>
			<ymax>457</ymax>
		</bndbox>
	</object>
</annotation>
