<annotation>
	<folder></folder>
	<filename>IMG_8109_JPG.rf.cd0888738f50b87dcd6a359c2ac77840.jpg</filename>
	<path>IMG_8109_JPG.rf.cd0888738f50b87dcd6a359c2ac77840.jpg</path>
	<source>
		<database>roboflow.com</database>
	</source>
	<size>
		<width>640</width>
		<height>640</height>
		<depth>3</depth>
	</size>
	<segmented>0</segmented>
	<object>
		<name>Pen</name>
		<pose>Unspecified</pose>
		<truncated>0</truncated>
		<difficult>0</difficult>
		<occluded>0</occluded>
		<bndbox>
			<xmin>62</xmin>
			<xmax>543</xmax>
			<ymin>273</ymin>
			<ymax>364</ymax>
		</bndbox>
	</object>
</annotation>
