<annotation>
	<folder></folder>
	<filename>IMG_8206_JPG.rf.7c5c0779dd9f4e0068a2db6feac4a2c7.jpg</filename>
	<path>IMG_8206_JPG.rf.7c5c0779dd9f4e0068a2db6feac4a2c7.jpg</path>
	<source>
		<database>roboflow.com</database>
	</source>
	<size>
		<width>640</width>
		<height>640</height>
		<depth>3</depth>
	</size>
	<segmented>0</segmented>
	<object>
		<name>Book</name>
		<pose>Unspecified</pose>
		<truncated>0</truncated>
		<difficult>0</difficult>
		<occluded>0</occluded>
		<bndbox>
			<xmin>39</xmin>
			<xmax>522</xmax>
			<ymin>193</ymin>
			<ymax>490</ymax>
		</bndbox>
	</object>
</annotation>
