<annotation>
	<folder></folder>
	<filename>IMG_8190_JPG.rf.522d7d36f5ecefbd9754f485750b89dd.jpg</filename>
	<path>IMG_8190_JPG.rf.522d7d36f5ecefbd9754f485750b89dd.jpg</path>
	<source>
		<database>roboflow.com</database>
	</source>
	<size>
		<width>640</width>
		<height>640</height>
		<depth>3</depth>
	</size>
	<segmented>0</segmented>
	<object>
		<name>Book</name>
		<pose>Unspecified</pose>
		<truncated>0</truncated>
		<difficult>0</difficult>
		<occluded>0</occluded>
		<bndbox>
			<xmin>48</xmin>
			<xmax>533</xmax>
			<ymin>57</ymin>
			<ymax>582</ymax>
		</bndbox>
	</object>
</annotation>
