<annotation>
	<folder>test</folder>
	<filename>IMG_7993_JPG.rf.3171e15bd956a358bc45390a135ef7ac.jpg</filename>
	<path>D:\FinalProject\data\test\IMG_7993_JPG.rf.3171e15bd956a358bc45390a135ef7ac.jpg</path>
	<source>
		<database>Unknown</database>
	</source>
	<size>
		<width>640</width>
		<height>640</height>
		<depth>3</depth>
	</size>
	<segmented>0</segmented>
	<object>
		<name>Card</name>
		<pose>Unspecified</pose>
		<truncated>0</truncated>
		<difficult>0</difficult>
		<bndbox>
			<xmin>211</xmin>
			<ymin>293</ymin>
			<xmax>492</xmax>
			<ymax>465</ymax>
		</bndbox>
	</object>
</annotation>
