<annotation>
	<folder></folder>
	<filename>IMG_8155_JPG.rf.d672037905e2e587bfc75140bc8c2f24.jpg</filename>
	<path>IMG_8155_JPG.rf.d672037905e2e587bfc75140bc8c2f24.jpg</path>
	<source>
		<database>roboflow.com</database>
	</source>
	<size>
		<width>640</width>
		<height>640</height>
		<depth>3</depth>
	</size>
	<segmented>0</segmented>
	<object>
		<name>Pen</name>
		<pose>Unspecified</pose>
		<truncated>0</truncated>
		<difficult>0</difficult>
		<occluded>0</occluded>
		<bndbox>
			<xmin>265</xmin>
			<xmax>461</xmax>
			<ymin>314</ymin>
			<ymax>468</ymax>
		</bndbox>
	</object>
</annotation>
