<annotation>
	<folder>train</folder>
	<filename>IMG_7910_JPG.rf.915863104b89cb8ccfa46f2ff2d05190.jpg</filename>
	<path>D:\FinalProject\data\train\IMG_7910_JPG.rf.915863104b89cb8ccfa46f2ff2d05190.jpg</path>
	<source>
		<database>Unknown</database>
	</source>
	<size>
		<width>640</width>
		<height>640</height>
		<depth>3</depth>
	</size>
	<segmented>0</segmented>
	<object>
		<name>Card</name>
		<pose>Unspecified</pose>
		<truncated>0</truncated>
		<difficult>0</difficult>
		<bndbox>
			<xmin>80</xmin>
			<ymin>130</ymin>
			<xmax>463</xmax>
			<ymax>507</ymax>
		</bndbox>
	</object>
</annotation>
