<annotation>
	<folder></folder>
	<filename>IMG_8233_JPG.rf.e5f3b427d165a509310e61ce9e91bfcc.jpg</filename>
	<path>IMG_8233_JPG.rf.e5f3b427d165a509310e61ce9e91bfcc.jpg</path>
	<source>
		<database>roboflow.com</database>
	</source>
	<size>
		<width>640</width>
		<height>640</height>
		<depth>3</depth>
	</size>
	<segmented>0</segmented>
	<object>
		<name>Book</name>
		<pose>Unspecified</pose>
		<truncated>0</truncated>
		<difficult>0</difficult>
		<occluded>0</occluded>
		<bndbox>
			<xmin>16</xmin>
			<xmax>635</xmax>
			<ymin>102</ymin>
			<ymax>516</ymax>
		</bndbox>
	</object>
</annotation>
