<annotation>
	<folder></folder>
	<filename>IMG_8217_JPG.rf.f2497c8c800a4ff6da32437b20063986.jpg</filename>
	<path>IMG_8217_JPG.rf.f2497c8c800a4ff6da32437b20063986.jpg</path>
	<source>
		<database>roboflow.com</database>
	</source>
	<size>
		<width>640</width>
		<height>640</height>
		<depth>3</depth>
	</size>
	<segmented>0</segmented>
	<object>
		<name>Book</name>
		<pose>Unspecified</pose>
		<truncated>0</truncated>
		<difficult>0</difficult>
		<occluded>0</occluded>
		<bndbox>
			<xmin>26</xmin>
			<xmax>616</xmax>
			<ymin>172</ymin>
			<ymax>568</ymax>
		</bndbox>
	</object>
</annotation>
