<annotation>
	<folder></folder>
	<filename>IMG_8106_JPG.rf.a8d03806886829b44d0a6bf7b6ab1a12.jpg</filename>
	<path>IMG_8106_JPG.rf.a8d03806886829b44d0a6bf7b6ab1a12.jpg</path>
	<source>
		<database>roboflow.com</database>
	</source>
	<size>
		<width>640</width>
		<height>640</height>
		<depth>3</depth>
	</size>
	<segmented>0</segmented>
	<object>
		<name>Pen</name>
		<pose>Unspecified</pose>
		<truncated>0</truncated>
		<difficult>0</difficult>
		<occluded>0</occluded>
		<bndbox>
			<xmin>253</xmin>
			<xmax>334</xmax>
			<ymin>126</ymin>
			<ymax>558</ymax>
		</bndbox>
	</object>
</annotation>
