<annotation>
	<folder>train</folder>
	<filename>IMG_7970_JPG.rf.8d0683e96f1835f1d85fb989d104c767.jpg</filename>
	<path>D:\FinalProject\data\train\IMG_7970_JPG.rf.8d0683e96f1835f1d85fb989d104c767.jpg</path>
	<source>
		<database>Unknown</database>
	</source>
	<size>
		<width>640</width>
		<height>640</height>
		<depth>3</depth>
	</size>
	<segmented>0</segmented>
	<object>
		<name>Card</name>
		<pose>Unspecified</pose>
		<truncated>0</truncated>
		<difficult>0</difficult>
		<bndbox>
			<xmin>63</xmin>
			<ymin>216</ymin>
			<xmax>528</xmax>
			<ymax>463</ymax>
		</bndbox>
	</object>
</annotation>
