<annotation>
	<folder>train</folder>
	<filename>IMG_8018_JPG.rf.c0a0445f04e2980cb0492cbd83d6a92a.jpg</filename>
	<path>D:\FinalProject\data\train\IMG_8018_JPG.rf.c0a0445f04e2980cb0492cbd83d6a92a.jpg</path>
	<source>
		<database>Unknown</database>
	</source>
	<size>
		<width>640</width>
		<height>640</height>
		<depth>3</depth>
	</size>
	<segmented>0</segmented>
	<object>
		<name>Book</name>
		<pose>Unspecified</pose>
		<truncated>0</truncated>
		<difficult>0</difficult>
		<bndbox>
			<xmin>29</xmin>
			<ymin>103</ymin>
			<xmax>560</xmax>
			<ymax>601</ymax>
		</bndbox>
	</object>
</annotation>
