<annotation>
	<folder></folder>
	<filename>IMG_8188_JPG.rf.f30a302b3f0eb54e2cf7354f8657c596.jpg</filename>
	<path>IMG_8188_JPG.rf.f30a302b3f0eb54e2cf7354f8657c596.jpg</path>
	<source>
		<database>roboflow.com</database>
	</source>
	<size>
		<width>640</width>
		<height>640</height>
		<depth>3</depth>
	</size>
	<segmented>0</segmented>
	<object>
		<name>Book</name>
		<pose>Unspecified</pose>
		<truncated>0</truncated>
		<difficult>0</difficult>
		<occluded>0</occluded>
		<bndbox>
			<xmin>132</xmin>
			<xmax>577</xmax>
			<ymin>79</ymin>
			<ymax>571</ymax>
		</bndbox>
	</object>
</annotation>
