<annotation>
	<folder></folder>
	<filename>IMG_8209_JPG.rf.70cace8105dd3065a7e7aa8cd3361186.jpg</filename>
	<path>IMG_8209_JPG.rf.70cace8105dd3065a7e7aa8cd3361186.jpg</path>
	<source>
		<database>roboflow.com</database>
	</source>
	<size>
		<width>640</width>
		<height>640</height>
		<depth>3</depth>
	</size>
	<segmented>0</segmented>
	<object>
		<name>Book</name>
		<pose>Unspecified</pose>
		<truncated>0</truncated>
		<difficult>0</difficult>
		<occluded>0</occluded>
		<bndbox>
			<xmin>2</xmin>
			<xmax>483</xmax>
			<ymin>194</ymin>
			<ymax>611</ymax>
		</bndbox>
	</object>
</annotation>
