<annotation>
	<folder>train</folder>
	<filename>IMG_7953_JPG.rf.ba87f342a6255267b38b67d85eeac20a.jpg</filename>
	<path>D:\FinalProject\data\train\IMG_7953_JPG.rf.ba87f342a6255267b38b67d85eeac20a.jpg</path>
	<source>
		<database>Unknown</database>
	</source>
	<size>
		<width>640</width>
		<height>640</height>
		<depth>3</depth>
	</size>
	<segmented>0</segmented>
	<object>
		<name>Card</name>
		<pose>Unspecified</pose>
		<truncated>0</truncated>
		<difficult>0</difficult>
		<bndbox>
			<xmin>119</xmin>
			<ymin>109</ymin>
			<xmax>392</xmax>
			<ymax>367</ymax>
		</bndbox>
	</object>
</annotation>
