<annotation>
	<folder>train</folder>
	<filename>IMG_7937_JPG.rf.b394f207fa37c20fecbd971ed90ae7f6.jpg</filename>
	<path>D:\FinalProject\data\train\IMG_7937_JPG.rf.b394f207fa37c20fecbd971ed90ae7f6.jpg</path>
	<source>
		<database>Unknown</database>
	</source>
	<size>
		<width>640</width>
		<height>640</height>
		<depth>3</depth>
	</size>
	<segmented>0</segmented>
	<object>
		<name>Card</name>
		<pose>Unspecified</pose>
		<truncated>0</truncated>
		<difficult>0</difficult>
		<bndbox>
			<xmin>160</xmin>
			<ymin>357</ymin>
			<xmax>374</xmax>
			<ymax>527</ymax>
		</bndbox>
	</object>
</annotation>
