<annotation>
	<folder></folder>
	<filename>IMG_8070_JPG.rf.83b2b06290dec77fe64b5eee7e8fe9a7.jpg</filename>
	<path>IMG_8070_JPG.rf.83b2b06290dec77fe64b5eee7e8fe9a7.jpg</path>
	<source>
		<database>roboflow.com</database>
	</source>
	<size>
		<width>640</width>
		<height>640</height>
		<depth>3</depth>
	</size>
	<segmented>0</segmented>
	<object>
		<name>Pen</name>
		<pose>Unspecified</pose>
		<truncated>0</truncated>
		<difficult>0</difficult>
		<occluded>0</occluded>
		<bndbox>
			<xmin>263</xmin>
			<xmax>307</xmax>
			<ymin>146</ymin>
			<ymax>565</ymax>
		</bndbox>
	</object>
</annotation>
