<annotation>
	<folder></folder>
	<filename>IMG_8133_JPG.rf.3acdbbff829fd4b45455908887481399.jpg</filename>
	<path>IMG_8133_JPG.rf.3acdbbff829fd4b45455908887481399.jpg</path>
	<source>
		<database>roboflow.com</database>
	</source>
	<size>
		<width>640</width>
		<height>640</height>
		<depth>3</depth>
	</size>
	<segmented>0</segmented>
	<object>
		<name>Book</name>
		<pose>Unspecified</pose>
		<truncated>0</truncated>
		<difficult>0</difficult>
		<occluded>0</occluded>
		<bndbox>
			<xmin>60</xmin>
			<xmax>447</xmax>
			<ymin>4</ymin>
			<ymax>212</ymax>
		</bndbox>
	</object>
	<object>
		<name>Pen</name>
		<pose>Unspecified</pose>
		<truncated>0</truncated>
		<difficult>0</difficult>
		<occluded>0</occluded>
		<bndbox>
			<xmin>314</xmin>
			<xmax>378</xmax>
			<ymin>214</ymin>
			<ymax>413</ymax>
		</bndbox>
	</object>
</annotation>
