<annotation>
	<folder>valid</folder>
	<filename>IMG_7951_JPG.rf.8c6c206ad2611b986c2416a5d4002893.jpg</filename>
	<path>D:\FinalProject\data\valid\IMG_7951_JPG.rf.8c6c206ad2611b986c2416a5d4002893.jpg</path>
	<source>
		<database>Unknown</database>
	</source>
	<size>
		<width>640</width>
		<height>640</height>
		<depth>3</depth>
	</size>
	<segmented>0</segmented>
	<object>
		<name>Card</name>
		<pose>Unspecified</pose>
		<truncated>0</truncated>
		<difficult>0</difficult>
		<bndbox>
			<xmin>129</xmin>
			<ymin>173</ymin>
			<xmax>465</xmax>
			<ymax>514</ymax>
		</bndbox>
	</object>
</annotation>
