<annotation>
	<folder>train</folder>
	<filename>IMG_7956_JPG.rf.15b8bf24af6e7616a8209fefcfbc0b21.jpg</filename>
	<path>D:\FinalProject\data\train\IMG_7956_JPG.rf.15b8bf24af6e7616a8209fefcfbc0b21.jpg</path>
	<source>
		<database>Unknown</database>
	</source>
	<size>
		<width>640</width>
		<height>640</height>
		<depth>3</depth>
	</size>
	<segmented>0</segmented>
	<object>
		<name>Card</name>
		<pose>Unspecified</pose>
		<truncated>0</truncated>
		<difficult>0</difficult>
		<bndbox>
			<xmin>205</xmin>
			<ymin>185</ymin>
			<xmax>399</xmax>
			<ymax>380</ymax>
		</bndbox>
	</object>
</annotation>
