<annotation>
	<folder></folder>
	<filename>IMG_8098_JPG.rf.0de18347b0b75a9f45919c8cd6b39fde.jpg</filename>
	<path>IMG_8098_JPG.rf.0de18347b0b75a9f45919c8cd6b39fde.jpg</path>
	<source>
		<database>roboflow.com</database>
	</source>
	<size>
		<width>640</width>
		<height>640</height>
		<depth>3</depth>
	</size>
	<segmented>0</segmented>
	<object>
		<name>Pen</name>
		<pose>Unspecified</pose>
		<truncated>0</truncated>
		<difficult>0</difficult>
		<occluded>0</occluded>
		<bndbox>
			<xmin>212</xmin>
			<xmax>411</xmax>
			<ymin>124</ymin>
			<ymax>547</ymax>
		</bndbox>
	</object>
</annotation>
