<annotation>
	<folder></folder>
	<filename>IMG_8240_JPG.rf.2c3a688dec897c32d4d0e8c84ddffad0.jpg</filename>
	<path>IMG_8240_JPG.rf.2c3a688dec897c32d4d0e8c84ddffad0.jpg</path>
	<source>
		<database>roboflow.com</database>
	</source>
	<size>
		<width>640</width>
		<height>640</height>
		<depth>3</depth>
	</size>
	<segmented>0</segmented>
	<object>
		<name>Book</name>
		<pose>Unspecified</pose>
		<truncated>0</truncated>
		<difficult>0</difficult>
		<occluded>0</occluded>
		<bndbox>
			<xmin>224</xmin>
			<xmax>544</xmax>
			<ymin>176</ymin>
			<ymax>518</ymax>
		</bndbox>
	</object>
</annotation>
