<annotation>
	<folder></folder>
	<filename>IMG_8148_JPG.rf.3bb96206d08b3bd57b59276bfe2a9e5e.jpg</filename>
	<path>IMG_8148_JPG.rf.3bb96206d08b3bd57b59276bfe2a9e5e.jpg</path>
	<source>
		<database>roboflow.com</database>
	</source>
	<size>
		<width>640</width>
		<height>640</height>
		<depth>3</depth>
	</size>
	<segmented>0</segmented>
	<object>
		<name>Pen</name>
		<pose>Unspecified</pose>
		<truncated>0</truncated>
		<difficult>0</difficult>
		<occluded>0</occluded>
		<bndbox>
			<xmin>156</xmin>
			<xmax>464</xmax>
			<ymin>225</ymin>
			<ymax>551</ymax>
		</bndbox>
	</object>
</annotation>
