<annotation>
	<folder></folder>
	<filename>IMG_8210_JPG.rf.c71b13d19c6817954b1734c49df98a77.jpg</filename>
	<path>IMG_8210_JPG.rf.c71b13d19c6817954b1734c49df98a77.jpg</path>
	<source>
		<database>roboflow.com</database>
	</source>
	<size>
		<width>640</width>
		<height>640</height>
		<depth>3</depth>
	</size>
	<segmented>0</segmented>
	<object>
		<name>Book</name>
		<pose>Unspecified</pose>
		<truncated>0</truncated>
		<difficult>0</difficult>
		<occluded>0</occluded>
		<bndbox>
			<xmin>42</xmin>
			<xmax>463</xmax>
			<ymin>186</ymin>
			<ymax>592</ymax>
		</bndbox>
	</object>
</annotation>
