<annotation>
	<folder>train</folder>
	<filename>IMG_7992_JPG.rf.94815032c4bdd272e1a484b82c6d4e6d.jpg</filename>
	<path>D:\FinalProject\data\train\IMG_7992_JPG.rf.94815032c4bdd272e1a484b82c6d4e6d.jpg</path>
	<source>
		<database>Unknown</database>
	</source>
	<size>
		<width>640</width>
		<height>640</height>
		<depth>3</depth>
	</size>
	<segmented>0</segmented>
	<object>
		<name>Card</name>
		<pose>Unspecified</pose>
		<truncated>0</truncated>
		<difficult>0</difficult>
		<bndbox>
			<xmin>140</xmin>
			<ymin>281</ymin>
			<xmax>392</xmax>
			<ymax>519</ymax>
		</bndbox>
	</object>
</annotation>
