<annotation>
	<folder>train</folder>
	<filename>IMG_7955_JPG.rf.45d578d0b0b1bec90e6bf36d2fa3cdba.jpg</filename>
	<path>D:\FinalProject\data\train\IMG_7955_JPG.rf.45d578d0b0b1bec90e6bf36d2fa3cdba.jpg</path>
	<source>
		<database>Unknown</database>
	</source>
	<size>
		<width>640</width>
		<height>640</height>
		<depth>3</depth>
	</size>
	<segmented>0</segmented>
	<object>
		<name>Card</name>
		<pose>Unspecified</pose>
		<truncated>0</truncated>
		<difficult>0</difficult>
		<bndbox>
			<xmin>194</xmin>
			<ymin>171</ymin>
			<xmax>448</xmax>
			<ymax>383</ymax>
		</bndbox>
	</object>
</annotation>
