<annotation>
	<folder></folder>
	<filename>IMG_8073_JPG.rf.a231d470995a37af3eb6a8fb37176052.jpg</filename>
	<path>IMG_8073_JPG.rf.a231d470995a37af3eb6a8fb37176052.jpg</path>
	<source>
		<database>roboflow.com</database>
	</source>
	<size>
		<width>640</width>
		<height>640</height>
		<depth>3</depth>
	</size>
	<segmented>0</segmented>
	<object>
		<name>Pen</name>
		<pose>Unspecified</pose>
		<truncated>0</truncated>
		<difficult>0</difficult>
		<occluded>0</occluded>
		<bndbox>
			<xmin>303</xmin>
			<xmax>343</xmax>
			<ymin>120</ymin>
			<ymax>487</ymax>
		</bndbox>
	</object>
</annotation>
