<annotation>
	<folder>valid</folder>
	<filename>IMG_7907_JPG.rf.c89d26a33f8f5d587de29140fee436d6.jpg</filename>
	<path>D:\FinalProject\data\valid\IMG_7907_JPG.rf.c89d26a33f8f5d587de29140fee436d6.jpg</path>
	<source>
		<database>Unknown</database>
	</source>
	<size>
		<width>640</width>
		<height>640</height>
		<depth>3</depth>
	</size>
	<segmented>0</segmented>
	<object>
		<name>Card</name>
		<pose>Unspecified</pose>
		<truncated>0</truncated>
		<difficult>0</difficult>
		<bndbox>
			<xmin>121</xmin>
			<ymin>166</ymin>
			<xmax>493</xmax>
			<ymax>531</ymax>
		</bndbox>
	</object>
</annotation>
