<annotation>
	<folder></folder>
	<filename>IMG_8093_JPG.rf.005e13be1bb0897d847daf16baf9d587.jpg</filename>
	<path>IMG_8093_JPG.rf.005e13be1bb0897d847daf16baf9d587.jpg</path>
	<source>
		<database>roboflow.com</database>
	</source>
	<size>
		<width>640</width>
		<height>640</height>
		<depth>3</depth>
	</size>
	<segmented>0</segmented>
	<object>
		<name>Book</name>
		<pose>Unspecified</pose>
		<truncated>0</truncated>
		<difficult>0</difficult>
		<occluded>0</occluded>
		<bndbox>
			<xmin>2</xmin>
			<xmax>641</xmax>
			<ymin>1</ymin>
			<ymax>640</ymax>
		</bndbox>
	</object>
	<object>
		<name>Pen</name>
		<pose>Unspecified</pose>
		<truncated>0</truncated>
		<difficult>0</difficult>
		<occluded>0</occluded>
		<bndbox>
			<xmin>178</xmin>
			<xmax>496</xmax>
			<ymin>203</ymin>
			<ymax>417</ymax>
		</bndbox>
	</object>
</annotation>
