<annotation>
	<folder>train</folder>
	<filename>IMG_7967_JPG.rf.d67a3d5ca4badf3021a2b97f49e223ff.jpg</filename>
	<path>D:\FinalProject\data\train\IMG_7967_JPG.rf.d67a3d5ca4badf3021a2b97f49e223ff.jpg</path>
	<source>
		<database>Unknown</database>
	</source>
	<size>
		<width>640</width>
		<height>640</height>
		<depth>3</depth>
	</size>
	<segmented>0</segmented>
	<object>
		<name>Card</name>
		<pose>Unspecified</pose>
		<truncated>0</truncated>
		<difficult>0</difficult>
		<bndbox>
			<xmin>147</xmin>
			<ymin>223</ymin>
			<xmax>473</xmax>
			<ymax>558</ymax>
		</bndbox>
	</object>
</annotation>
