<annotation>
	<folder>train</folder>
	<filename>IMG_8063_JPG.rf.310ad16d7867c1104b2e078bcb7dde13.jpg</filename>
	<path>D:\FinalProject\data\train\IMG_8063_JPG.rf.310ad16d7867c1104b2e078bcb7dde13.jpg</path>
	<source>
		<database>Unknown</database>
	</source>
	<size>
		<width>640</width>
		<height>640</height>
		<depth>3</depth>
	</size>
	<segmented>0</segmented>
	<object>
		<name>Book</name>
		<pose>Unspecified</pose>
		<truncated>0</truncated>
		<difficult>0</difficult>
		<bndbox>
			<xmin>2</xmin>
			<ymin>60</ymin>
			<xmax>590</xmax>
			<ymax>453</ymax>
		</bndbox>
	</object>
</annotation>
